2026-05-20T15:08:38.339+02:00  INFO 43428 --- [mesh.atlas] [main] pl.com.ww.mesh.atlas.ApplicationTests    : Starting ApplicationTests using Java 21 with PID 43428 (started by wwalc in C:\DEV\mesh-atlas\backend)
2026-05-20T15:08:38.340+02:00 DEBUG 43428 --- [mesh.atlas] [main] pl.com.ww.mesh.atlas.ApplicationTests    : Running with Spring Boot v4.0.6, Spring v7.0.7
2026-05-20T15:08:38.341+02:00  INFO 43428 --- [mesh.atlas] [main] pl.com.ww.mesh.atlas.ApplicationTests    : No active profile set, falling back to 1 default profile: "default"
2026-05-20T15:08:39.137+02:00  INFO 43428 --- [mesh.atlas] [main] .s.d.r.c.RepositoryConfigurationDelegate : Bootstrapping Spring Data JPA repositories in DEFAULT mode.
2026-05-20T15:08:39.164+02:00  INFO 43428 --- [mesh.atlas] [main] .s.d.r.c.RepositoryConfigurationDelegate : Finished Spring Data repository scanning in 15 ms. Found 0 JPA repository interfaces.
2026-05-20T15:08:40.025+02:00  INFO 43428 --- [mesh.atlas] [main] com.zaxxer.hikari.HikariDataSource       : HikariPool-1 - Starting...
2026-05-20T15:08:40.257+02:00  INFO 43428 --- [mesh.atlas] [main] com.zaxxer.hikari.pool.HikariPool        : HikariPool-1 - Added connection org.postgresql.jdbc.PgConnection@25d0b918
2026-05-20T15:08:40.259+02:00  INFO 43428 --- [mesh.atlas] [main] com.zaxxer.hikari.HikariDataSource       : HikariPool-1 - Start completed.
2026-05-20T15:08:40.287+02:00  INFO 43428 --- [mesh.atlas] [main] org.flywaydb.core.FlywayExecutor         : Database: jdbc:postgresql://postgresql.ww.local:5432/atlas (PostgreSQL 16.0)
2026-05-20T15:08:40.335+02:00  INFO 43428 --- [mesh.atlas] [main] o.f.core.internal.command.DbValidate     : Successfully validated 0 migrations (execution time 00:00.019s)
2026-05-20T15:08:40.335+02:00  WARN 43428 --- [mesh.atlas] [main] o.f.core.internal.command.DbValidate     : No migrations found. Are your locations set up correctly?
2026-05-20T15:08:40.400+02:00  INFO 43428 --- [mesh.atlas] [main] o.f.core.internal.command.DbMigrate      : Current version of schema "atlas": << Empty Schema >>
2026-05-20T15:08:40.406+02:00  INFO 43428 --- [mesh.atlas] [main] o.f.core.internal.command.DbMigrate      : Schema "atlas" is up to date. No migration necessary.
2026-05-20T15:08:40.580+02:00  INFO 43428 --- [mesh.atlas] [main] org.hibernate.orm.jpa                    : HHH008540: Processing PersistenceUnitInfo [name: default]
2026-05-20T15:08:40.656+02:00  INFO 43428 --- [mesh.atlas] [main] org.hibernate.orm.core                   : HHH000001: Hibernate ORM core version 7.2.12.Final
2026-05-20T15:08:41.176+02:00  INFO 43428 --- [mesh.atlas] [main] o.s.o.j.p.SpringPersistenceUnitInfo      : No LoadTimeWeaver setup: ignoring JPA class transformer
2026-05-20T15:08:41.254+02:00  WARN 43428 --- [mesh.atlas] [main] org.hibernate.orm.deprecation            : HHH90000025: PostgreSQLDialect does not need to be specified explicitly using 'hibernate.dialect' (remove the property setting and it will be selected by default)
2026-05-20T15:08:41.277+02:00  INFO 43428 --- [mesh.atlas] [main] org.hibernate.orm.connections.pooling    : HHH10001005: Database info:
	Database JDBC URL [jdbc:postgresql://postgresql.ww.local:5432/atlas]
	Database driver: PostgreSQL JDBC Driver
	Database dialect: PostgreSQLDialect
	Database version: 16.0
	Default catalog/schema: atlas/atlas
	Autocommit mode: undefined/unknown
	Isolation level: READ_COMMITTED [default READ_COMMITTED]
	JDBC fetch size: none
	Pool: DataSourceConnectionProvider
	Minimum pool size: undefined/unknown
	Maximum pool size: undefined/unknown
2026-05-20T15:08:41.750+02:00  INFO 43428 --- [mesh.atlas] [main] org.hibernate.orm.core                   : HHH000489: No JTA platform available (set 'hibernate.transaction.jta.platform' to enable JTA platform integration)
2026-05-20T15:08:41.759+02:00  INFO 43428 --- [mesh.atlas] [main] j.LocalContainerEntityManagerFactoryBean : Initialized JPA EntityManagerFactory for persistence unit 'default'
2026-05-20T15:08:41.887+02:00  WARN 43428 --- [mesh.atlas] [main] o.s.w.c.s.GenericWebApplicationContext   : Exception encountered during context initialization - cancelling refresh attempt: org.springframework.beans.factory.UnsatisfiedDependencyException: Error creating bean with name 'org.springframework.boot.webmvc.autoconfigure.WebMvcAutoConfiguration$EnableWebMvcConfiguration': Unsatisfied dependency expressed through method 'setConfigurers' parameter 0: Error creating bean with name 'hypermediaWebMvcConfigurer' defined in class path resource [org/springframework/hateoas/config/WebMvcHateoasConfiguration.class]: Unsatisfied dependency expressed through method 'hypermediaWebMvcConfigurer' parameter 0: Error creating bean with name 'hypermediaWebMvcConverters' defined in class path resource [org/springframework/hateoas/config/HateoasConfiguration.class]: Failed to instantiate [org.springframework.hateoas.config.WebConverters]: Factory method 'hypermediaWebMvcConverters' threw exception with message: Error creating bean with name 'jacksonJsonMapper' defined in class path resource [org/springframework/boot/jackson/autoconfigure/JacksonAutoConfiguration.class]: Unsatisfied dependency expressed through method 'jacksonJsonMapper' parameter 0: Error creating bean with name 'jsonMapperBuilder' defined in class path resource [org/springframework/boot/jackson/autoconfigure/JacksonAutoConfiguration.class]: Unsatisfied dependency expressed through method 'jsonMapperBuilder' parameter 0: Error creating bean with name 'standardJsonMapperBuilderCustomizer' defined in class path resource [org/springframework/boot/jackson/autoconfigure/JacksonAutoConfiguration$JacksonJsonMapperBuilderCustomizerConfiguration.class]: Unsatisfied dependency expressed through method 'standardJsonMapperBuilderCustomizer' parameter 0: Error creating bean with name 'spring.jackson-org.springframework.boot.jackson.autoconfigure.JacksonProperties': Could not bind properties to 'JacksonProperties' : prefix=spring.jackson, ignoreInvalidFields=false, ignoreUnknownFields=true
2026-05-20T15:08:41.888+02:00  INFO 43428 --- [mesh.atlas] [main] j.LocalContainerEntityManagerFactoryBean : Closing JPA EntityManagerFactory for persistence unit 'default'
2026-05-20T15:08:41.893+02:00  INFO 43428 --- [mesh.atlas] [main] com.zaxxer.hikari.HikariDataSource       : HikariPool-1 - Shutdown initiated...
2026-05-20T15:08:41.896+02:00  INFO 43428 --- [mesh.atlas] [main] com.zaxxer.hikari.HikariDataSource       : HikariPool-1 - Shutdown completed.
2026-05-20T15:08:41.913+02:00  INFO 43428 --- [mesh.atlas] [main] .s.b.a.l.ConditionEvaluationReportLogger : 

Error starting ApplicationContext. To display the condition evaluation report re-run your application with 'debug' enabled.
2026-05-20T15:08:41.938+02:00 ERROR 43428 --- [mesh.atlas] [main] o.s.b.d.LoggingFailureAnalysisReporter   : 

***************************
APPLICATION FAILED TO START
***************************

Description:

Failed to bind properties under 'spring.jackson.deserialization' to java.util.Map<tools.jackson.databind.DeserializationFeature, java.lang.Boolean>:

    Reason: failed to convert java.lang.String to tools.jackson.databind.DeserializationFeature (caused by java.lang.IllegalArgumentException: No enum constant tools.jackson.databind.DeserializationFeature.READ_UNKNOWN_ENUM_VALUES_AS_NULL)

Action:

Update your application's configuration. The following values are valid:

    ACCEPT_EMPTY_ARRAY_AS_NULL_OBJECT
    ACCEPT_EMPTY_STRING_AS_NULL_OBJECT
    ACCEPT_FLOAT_AS_INT
    ACCEPT_SINGLE_VALUE_AS_ARRAY
    EAGER_DESERIALIZER_FETCH
    FAIL_ON_IGNORED_PROPERTIES
    FAIL_ON_INVALID_SUBTYPE
    FAIL_ON_MISSING_CREATOR_PROPERTIES
    FAIL_ON_MISSING_EXTERNAL_TYPE_ID_PROPERTY
    FAIL_ON_NULL_CREATOR_PROPERTIES
    FAIL_ON_NULL_FOR_PRIMITIVES
    FAIL_ON_READING_DUP_TREE_KEY
    FAIL_ON_SUBTYPE_CLASS_NOT_REGISTERED
    FAIL_ON_TRAILING_TOKENS
    FAIL_ON_UNEXPECTED_VIEW_PROPERTIES
    FAIL_ON_UNKNOWN_INJECT_VALUE
    FAIL_ON_UNKNOWN_PROPERTIES
    FAIL_ON_UNRESOLVED_OBJECT_IDS
    IGNORE_ABSTRACT_TYPES_FOR_DEDUCTION
    UNWRAP_ROOT_VALUE
    UNWRAP_SINGLE_VALUE_ARRAYS
    USE_BIG_DECIMAL_FOR_FLOATS
    USE_BIG_INTEGER_FOR_INTS
    USE_JAVA_ARRAY_FOR_JSON_ARRAY
    USE_LONG_FOR_INTS
    USE_NULL_FOR_EMPTY_UNWRAPPED
    USE_NULL_FOR_MISSING_REFERENCE_VALUES
    WRAP_EXCEPTIONS

2026-05-20T15:08:41.942+02:00  WARN 43428 --- [mesh.atlas] [main] o.s.test.context.TestContextManager      : Caught exception while allowing TestExecutionListener [org.springframework.test.context.web.ServletTestExecutionListener] to prepare test instance [pl.com.ww.mesh.atlas.ApplicationTests@4fe8e318]

java.lang.IllegalStateException: Failed to load ApplicationContext for [WebMergedContextConfiguration@4c81e7c2 testClass = pl.com.ww.mesh.atlas.ApplicationTests, locations = [], classes = [pl.com.ww.mesh.atlas.Application], contextInitializerClasses = [], activeProfiles = [], propertySourceDescriptors = [], propertySourceProperties = ["org.springframework.boot.test.context.SpringBootTestContextBootstrapper=true"], contextCustomizers = [org.springframework.boot.web.server.context.SpringBootTestRandomPortContextCustomizer@2a3591c5, org.springframework.boot.test.context.PropertyMappingContextCustomizer@0, org.springframework.boot.test.context.filter.ExcludeFilterContextCustomizer@7c351808, org.springframework.boot.test.json.DuplicateJsonObjectContextCustomizerFactory$DuplicateJsonObjectContextCustomizer@44c79f32, org.springframework.boot.test.autoconfigure.OnFailureConditionReportContextCustomizerFactory$OnFailureConditionReportContextCustomizer@743cb8e0, org.springframework.test.context.support.DynamicPropertiesContextCustomizer@0, org.springframework.boot.test.context.SpringBootTestAnnotation@5d5c0e31], resourceBasePath = "src/main/webapp", contextLoader = org.springframework.boot.test.context.SpringBootContextLoader, parent = null]
	at org.springframework.test.context.cache.DefaultCacheAwareContextLoaderDelegate.lambda$loadContext$0(DefaultCacheAwareContextLoaderDelegate.java:195) ~[spring-test-7.0.7.jar:7.0.7]
	at org.springframework.test.context.cache.DefaultContextCache.put(DefaultContextCache.java:214) ~[spring-test-7.0.7.jar:7.0.7]
	at org.springframework.test.context.cache.DefaultCacheAwareContextLoaderDelegate.loadContext(DefaultCacheAwareContextLoaderDelegate.java:160) ~[spring-test-7.0.7.jar:7.0.7]
	at org.springframework.test.context.support.DefaultTestContext.getApplicationContext(DefaultTestContext.java:128) ~[spring-test-7.0.7.jar:7.0.7]
	at org.springframework.test.context.web.ServletTestExecutionListener.setUpRequestContextIfNecessary(ServletTestExecutionListener.java:200) ~[spring-test-7.0.7.jar:7.0.7]
	at org.springframework.test.context.web.ServletTestExecutionListener.prepareTestInstance(ServletTestExecutionListener.java:139) ~[spring-test-7.0.7.jar:7.0.7]
	at org.springframework.test.context.TestContextManager.prepareTestInstance(TestContextManager.java:260) ~[spring-test-7.0.7.jar:7.0.7]
	at org.springframework.test.context.junit.jupiter.SpringExtension.postProcessTestInstance(SpringExtension.java:242) ~[spring-test-7.0.7.jar:7.0.7]
	at org.junit.jupiter.engine.descriptor.ClassBasedTestDescriptor.lambda$invokeTestInstancePostProcessors$1(ClassBasedTestDescriptor.java:423) ~[junit-jupiter-engine-6.0.3.jar:6.0.3]
	at org.junit.jupiter.engine.descriptor.ClassBasedTestDescriptor.executeAndMaskThrowable(ClassBasedTestDescriptor.java:428) ~[junit-jupiter-engine-6.0.3.jar:6.0.3]
	at org.junit.jupiter.engine.descriptor.ClassBasedTestDescriptor.lambda$invokeTestInstancePostProcessors$0(ClassBasedTestDescriptor.java:422) ~[junit-jupiter-engine-6.0.3.jar:6.0.3]
	at java.base/java.util.stream.ForEachOps$ForEachOp$OfRef.accept(ForEachOps.java:184) ~[na:na]
	at java.base/java.util.stream.ReferencePipeline$3$1.accept(ReferencePipeline.java:197) ~[na:na]
	at java.base/java.util.stream.ReferencePipeline$2$1.accept(ReferencePipeline.java:179) ~[na:na]
	at java.base/java.util.stream.ReferencePipeline$3$1.accept(ReferencePipeline.java:197) ~[na:na]
	at java.base/java.util.ArrayList$ArrayListSpliterator.forEachRemaining(ArrayList.java:1708) ~[na:na]
	at java.base/java.util.stream.AbstractPipeline.copyInto(AbstractPipeline.java:509) ~[na:na]
	at java.base/java.util.stream.AbstractPipeline.wrapAndCopyInto(AbstractPipeline.java:499) ~[na:na]
	at java.base/java.util.stream.ForEachOps$ForEachOp.evaluateSequential(ForEachOps.java:151) ~[na:na]
	at java.base/java.util.stream.ForEachOps$ForEachOp$OfRef.evaluateSequential(ForEachOps.java:174) ~[na:na]
	at java.base/java.util.stream.AbstractPipeline.evaluate(AbstractPipeline.java:234) ~[na:na]
	at java.base/java.util.stream.ReferencePipeline.forEach(ReferencePipeline.java:596) ~[na:na]
	at org.junit.jupiter.engine.descriptor.ClassBasedTestDescriptor.invokeTestInstancePostProcessors(ClassBasedTestDescriptor.java:422) ~[junit-jupiter-engine-6.0.3.jar:6.0.3]
	at org.junit.jupiter.engine.descriptor.ClassBasedTestDescriptor.lambda$instantiateAndPostProcessTestInstance$0(ClassBasedTestDescriptor.java:334) ~[junit-jupiter-engine-6.0.3.jar:6.0.3]
	at org.junit.platform.engine.support.hierarchical.ThrowableCollector.execute(ThrowableCollector.java:74) ~[junit-platform-engine-6.0.3.jar:6.0.3]
	at org.junit.jupiter.engine.descriptor.ClassBasedTestDescriptor.instantiateAndPostProcessTestInstance(ClassBasedTestDescriptor.java:333) ~[junit-jupiter-engine-6.0.3.jar:6.0.3]
	at org.junit.jupiter.engine.descriptor.ClassBasedTestDescriptor.lambda$testInstancesProvider$1(ClassBasedTestDescriptor.java:322) ~[junit-jupiter-engine-6.0.3.jar:6.0.3]
	at java.base/java.util.Optional.orElseGet(Optional.java:364) ~[na:na]
	at org.junit.jupiter.engine.descriptor.ClassBasedTestDescriptor.lambda$testInstancesProvider$0(ClassBasedTestDescriptor.java:321) ~[junit-jupiter-engine-6.0.3.jar:6.0.3]
	at org.junit.jupiter.engine.execution.TestInstancesProvider.getTestInstances(TestInstancesProvider.java:27) ~[junit-jupiter-engine-6.0.3.jar:6.0.3]
	at org.junit.jupiter.engine.descriptor.TestMethodTestDescriptor.lambda$prepare$0(TestMethodTestDescriptor.java:127) ~[junit-jupiter-engine-6.0.3.jar:6.0.3]
	at org.junit.platform.engine.support.hierarchical.ThrowableCollector.execute(ThrowableCollector.java:74) ~[junit-platform-engine-6.0.3.jar:6.0.3]
	at org.junit.jupiter.engine.descriptor.TestMethodTestDescriptor.prepare(TestMethodTestDescriptor.java:126) ~[junit-jupiter-engine-6.0.3.jar:6.0.3]
	at org.junit.jupiter.engine.descriptor.TestMethodTestDescriptor.prepare(TestMethodTestDescriptor.java:70) ~[junit-jupiter-engine-6.0.3.jar:6.0.3]
	at org.junit.platform.engine.support.hierarchical.NodeTestTask.lambda$prepare$0(NodeTestTask.java:144) ~[junit-platform-engine-6.0.3.jar:6.0.3]
	at org.junit.platform.engine.support.hierarchical.ThrowableCollector.execute(ThrowableCollector.java:74) ~[junit-platform-engine-6.0.3.jar:6.0.3]
	at org.junit.platform.engine.support.hierarchical.NodeTestTask.prepare(NodeTestTask.java:144) ~[junit-platform-engine-6.0.3.jar:6.0.3]
	at org.junit.platform.engine.support.hierarchical.NodeTestTask.execute(NodeTestTask.java:110) ~[junit-platform-engine-6.0.3.jar:6.0.3]
	at java.base/java.util.ArrayList.forEach(ArrayList.java:1596) ~[na:na]
	at org.junit.platform.engine.support.hierarchical.SameThreadHierarchicalTestExecutorService.invokeAll(SameThreadHierarchicalTestExecutorService.java:42) ~[junit-platform-engine-6.0.3.jar:6.0.3]
	at org.junit.platform.engine.support.hierarchical.NodeTestTask.lambda$executeRecursively$2(NodeTestTask.java:180) ~[junit-platform-engine-6.0.3.jar:6.0.3]
	at org.junit.platform.engine.support.hierarchical.ThrowableCollector.execute(ThrowableCollector.java:74) ~[junit-platform-engine-6.0.3.jar:6.0.3]
	at org.junit.platform.engine.support.hierarchical.NodeTestTask.lambda$executeRecursively$1(NodeTestTask.java:166) ~[junit-platform-engine-6.0.3.jar:6.0.3]
	at org.junit.platform.engine.support.hierarchical.Node.around(Node.java:138) ~[junit-platform-engine-6.0.3.jar:6.0.3]
	at org.junit.platform.engine.support.hierarchical.NodeTestTask.lambda$executeRecursively$0(NodeTestTask.java:164) ~[junit-platform-engine-6.0.3.jar:6.0.3]
	at org.junit.platform.engine.support.hierarchical.ThrowableCollector.execute(ThrowableCollector.java:74) ~[junit-platform-engine-6.0.3.jar:6.0.3]
	at org.junit.platform.engine.support.hierarchical.NodeTestTask.executeRecursively(NodeTestTask.java:163) ~[junit-platform-engine-6.0.3.jar:6.0.3]
	at org.junit.platform.engine.support.hierarchical.NodeTestTask.execute(NodeTestTask.java:116) ~[junit-platform-engine-6.0.3.jar:6.0.3]
	at java.base/java.util.ArrayList.forEach(ArrayList.java:1596) ~[na:na]
	at org.junit.platform.engine.support.hierarchical.SameThreadHierarchicalTestExecutorService.invokeAll(SameThreadHierarchicalTestExecutorService.java:42) ~[junit-platform-engine-6.0.3.jar:6.0.3]
	at org.junit.platform.engine.support.hierarchical.NodeTestTask.lambda$executeRecursively$2(NodeTestTask.java:180) ~[junit-platform-engine-6.0.3.jar:6.0.3]
	at org.junit.platform.engine.support.hierarchical.ThrowableCollector.execute(ThrowableCollector.java:74) ~[junit-platform-engine-6.0.3.jar:6.0.3]
	at org.junit.platform.engine.support.hierarchical.NodeTestTask.lambda$executeRecursively$1(NodeTestTask.java:166) ~[junit-platform-engine-6.0.3.jar:6.0.3]
	at org.junit.platform.engine.support.hierarchical.Node.around(Node.java:138) ~[junit-platform-engine-6.0.3.jar:6.0.3]
	at org.junit.platform.engine.support.hierarchical.NodeTestTask.lambda$executeRecursively$0(NodeTestTask.java:164) ~[junit-platform-engine-6.0.3.jar:6.0.3]
	at org.junit.platform.engine.support.hierarchical.ThrowableCollector.execute(ThrowableCollector.java:74) ~[junit-platform-engine-6.0.3.jar:6.0.3]
	at org.junit.platform.engine.support.hierarchical.NodeTestTask.executeRecursively(NodeTestTask.java:163) ~[junit-platform-engine-6.0.3.jar:6.0.3]
	at org.junit.platform.engine.support.hierarchical.NodeTestTask.execute(NodeTestTask.java:116) ~[junit-platform-engine-6.0.3.jar:6.0.3]
	at org.junit.platform.engine.support.hierarchical.SameThreadHierarchicalTestExecutorService.submit(SameThreadHierarchicalTestExecutorService.java:36) ~[junit-platform-engine-6.0.3.jar:6.0.3]
	at org.junit.platform.engine.support.hierarchical.HierarchicalTestExecutor.execute(HierarchicalTestExecutor.java:52) ~[junit-platform-engine-6.0.3.jar:6.0.3]
	at org.junit.platform.engine.support.hierarchical.HierarchicalTestEngine.execute(HierarchicalTestEngine.java:58) ~[junit-platform-engine-6.0.3.jar:6.0.3]
	at org.junit.platform.launcher.core.EngineExecutionOrchestrator.executeEngine(EngineExecutionOrchestrator.java:246) ~[junit-platform-launcher-6.0.3.jar:6.0.3]
	at org.junit.platform.launcher.core.EngineExecutionOrchestrator.failOrExecuteEngine(EngineExecutionOrchestrator.java:218) ~[junit-platform-launcher-6.0.3.jar:6.0.3]
	at org.junit.platform.launcher.core.EngineExecutionOrchestrator.execute(EngineExecutionOrchestrator.java:179) ~[junit-platform-launcher-6.0.3.jar:6.0.3]
	at org.junit.platform.launcher.core.EngineExecutionOrchestrator.execute(EngineExecutionOrchestrator.java:108) ~[junit-platform-launcher-6.0.3.jar:6.0.3]
	at org.junit.platform.launcher.core.EngineExecutionOrchestrator.lambda$execute$0(EngineExecutionOrchestrator.java:66) ~[junit-platform-launcher-6.0.3.jar:6.0.3]
	at org.junit.platform.launcher.core.EngineExecutionOrchestrator.withInterceptedStreams(EngineExecutionOrchestrator.java:157) ~[junit-platform-launcher-6.0.3.jar:6.0.3]
	at org.junit.platform.launcher.core.EngineExecutionOrchestrator.execute(EngineExecutionOrchestrator.java:65) ~[junit-platform-launcher-6.0.3.jar:6.0.3]
	at org.junit.platform.launcher.core.DefaultLauncher.execute(DefaultLauncher.java:125) ~[junit-platform-launcher-6.0.3.jar:6.0.3]
	at org.junit.platform.launcher.core.DefaultLauncher.execute(DefaultLauncher.java:114) ~[junit-platform-launcher-6.0.3.jar:6.0.3]
	at org.junit.platform.launcher.core.DelegatingLauncher.execute(DelegatingLauncher.java:58) ~[junit-platform-launcher-6.0.3.jar:6.0.3]
	at org.junit.platform.launcher.core.InterceptingLauncher.lambda$execute$2(InterceptingLauncher.java:57) ~[junit-platform-launcher-6.0.3.jar:6.0.3]
	at org.junit.platform.launcher.core.ClasspathAlignmentCheckingLauncherInterceptor.intercept(ClasspathAlignmentCheckingLauncherInterceptor.java:25) ~[junit-platform-launcher-6.0.3.jar:6.0.3]
	at org.junit.platform.launcher.core.InterceptingLauncher.execute(InterceptingLauncher.java:56) ~[junit-platform-launcher-6.0.3.jar:6.0.3]
	at org.junit.platform.launcher.core.DelegatingLauncher.execute(DelegatingLauncher.java:58) ~[junit-platform-launcher-6.0.3.jar:6.0.3]
	at java.base/jdk.internal.reflect.DirectMethodHandleAccessor.invoke(DirectMethodHandleAccessor.java:103) ~[na:na]
	at java.base/java.lang.reflect.Method.invoke(Method.java:580) ~[na:na]
	at org.apache.maven.surefire.api.util.ReflectionUtils.invokeMethodWithArray(ReflectionUtils.java:125) ~[surefire-api-3.5.5.jar:3.5.5]
	at org.apache.maven.surefire.junitplatform.LauncherAdapter.executeWithCancellationToken(LauncherAdapter.java:68) ~[surefire-junit-platform-3.5.5.jar:3.5.5]
	at org.apache.maven.surefire.junitplatform.LauncherAdapter.execute(LauncherAdapter.java:54) ~[surefire-junit-platform-3.5.5.jar:3.5.5]
	at org.apache.maven.surefire.junitplatform.JUnitPlatformProvider.execute(JUnitPlatformProvider.java:203) ~[surefire-junit-platform-3.5.5.jar:3.5.5]
	at org.apache.maven.surefire.junitplatform.JUnitPlatformProvider.invokeAllTests(JUnitPlatformProvider.java:168) ~[surefire-junit-platform-3.5.5.jar:3.5.5]
	at org.apache.maven.surefire.junitplatform.JUnitPlatformProvider.invoke(JUnitPlatformProvider.java:136) ~[surefire-junit-platform-3.5.5.jar:3.5.5]
	at org.apache.maven.surefire.booter.ForkedBooter.runSuitesInProcess(ForkedBooter.java:385) ~[surefire-booter-3.5.5.jar:3.5.5]
	at org.apache.maven.surefire.booter.ForkedBooter.execute(ForkedBooter.java:162) ~[surefire-booter-3.5.5.jar:3.5.5]
	at org.apache.maven.surefire.booter.ForkedBooter.run(ForkedBooter.java:507) ~[surefire-booter-3.5.5.jar:3.5.5]
	at org.apache.maven.surefire.booter.ForkedBooter.main(ForkedBooter.java:495) ~[surefire-booter-3.5.5.jar:3.5.5]
Caused by: org.springframework.beans.factory.UnsatisfiedDependencyException: Error creating bean with name 'org.springframework.boot.webmvc.autoconfigure.WebMvcAutoConfiguration$EnableWebMvcConfiguration': Unsatisfied dependency expressed through method 'setConfigurers' parameter 0: Error creating bean with name 'hypermediaWebMvcConfigurer' defined in class path resource [org/springframework/hateoas/config/WebMvcHateoasConfiguration.class]: Unsatisfied dependency expressed through method 'hypermediaWebMvcConfigurer' parameter 0: Error creating bean with name 'hypermediaWebMvcConverters' defined in class path resource [org/springframework/hateoas/config/HateoasConfiguration.class]: Failed to instantiate [org.springframework.hateoas.config.WebConverters]: Factory method 'hypermediaWebMvcConverters' threw exception with message: Error creating bean with name 'jacksonJsonMapper' defined in class path resource [org/springframework/boot/jackson/autoconfigure/JacksonAutoConfiguration.class]: Unsatisfied dependency expressed through method 'jacksonJsonMapper' parameter 0: Error creating bean with name 'jsonMapperBuilder' defined in class path resource [org/springframework/boot/jackson/autoconfigure/JacksonAutoConfiguration.class]: Unsatisfied dependency expressed through method 'jsonMapperBuilder' parameter 0: Error creating bean with name 'standardJsonMapperBuilderCustomizer' defined in class path resource [org/springframework/boot/jackson/autoconfigure/JacksonAutoConfiguration$JacksonJsonMapperBuilderCustomizerConfiguration.class]: Unsatisfied dependency expressed through method 'standardJsonMapperBuilderCustomizer' parameter 0: Error creating bean with name 'spring.jackson-org.springframework.boot.jackson.autoconfigure.JacksonProperties': Could not bind properties to 'JacksonProperties' : prefix=spring.jackson, ignoreInvalidFields=false, ignoreUnknownFields=true
	at org.springframework.beans.factory.annotation.AutowiredAnnotationBeanPostProcessor$AutowiredMethodElement.resolveMethodArguments(AutowiredAnnotationBeanPostProcessor.java:872) ~[spring-beans-7.0.7.jar:7.0.7]
	at org.springframework.beans.factory.annotation.AutowiredAnnotationBeanPostProcessor$AutowiredMethodElement.inject(AutowiredAnnotationBeanPostProcessor.java:827) ~[spring-beans-7.0.7.jar:7.0.7]
	at org.springframework.beans.factory.annotation.InjectionMetadata.inject(InjectionMetadata.java:146) ~[spring-beans-7.0.7.jar:7.0.7]
	at org.springframework.beans.factory.annotation.AutowiredAnnotationBeanPostProcessor.postProcessProperties(AutowiredAnnotationBeanPostProcessor.java:493) ~[spring-beans-7.0.7.jar:7.0.7]
	at org.springframework.beans.factory.support.AbstractAutowireCapableBeanFactory.populateBean(AbstractAutowireCapableBeanFactory.java:1446) ~[spring-beans-7.0.7.jar:7.0.7]
	at org.springframework.beans.factory.support.AbstractAutowireCapableBeanFactory.doCreateBean(AbstractAutowireCapableBeanFactory.java:602) ~[spring-beans-7.0.7.jar:7.0.7]
	at org.springframework.beans.factory.support.AbstractAutowireCapableBeanFactory.createBean(AbstractAutowireCapableBeanFactory.java:525) ~[spring-beans-7.0.7.jar:7.0.7]
	at org.springframework.beans.factory.support.AbstractBeanFactory.lambda$doGetBean$0(AbstractBeanFactory.java:333) ~[spring-beans-7.0.7.jar:7.0.7]
	at org.springframework.beans.factory.support.DefaultSingletonBeanRegistry.getSingleton(DefaultSingletonBeanRegistry.java:371) ~[spring-beans-7.0.7.jar:7.0.7]
	at org.springframework.beans.factory.support.AbstractBeanFactory.doGetBean(AbstractBeanFactory.java:331) ~[spring-beans-7.0.7.jar:7.0.7]
	at org.springframework.beans.factory.support.AbstractBeanFactory.getBean(AbstractBeanFactory.java:196) ~[spring-beans-7.0.7.jar:7.0.7]
	at org.springframework.beans.factory.support.DefaultListableBeanFactory.instantiateSingleton(DefaultListableBeanFactory.java:1218) ~[spring-beans-7.0.7.jar:7.0.7]
	at org.springframework.beans.factory.support.DefaultListableBeanFactory.preInstantiateSingleton(DefaultListableBeanFactory.java:1184) ~[spring-beans-7.0.7.jar:7.0.7]
	at org.springframework.beans.factory.support.DefaultListableBeanFactory.preInstantiateSingletons(DefaultListableBeanFactory.java:1121) ~[spring-beans-7.0.7.jar:7.0.7]
	at org.springframework.context.support.AbstractApplicationContext.finishBeanFactoryInitialization(AbstractApplicationContext.java:994) ~[spring-context-7.0.7.jar:7.0.7]
	at org.springframework.context.support.AbstractApplicationContext.refresh(AbstractApplicationContext.java:621) ~[spring-context-7.0.7.jar:7.0.7]
	at org.springframework.boot.SpringApplication.refresh(SpringApplication.java:756) ~[spring-boot-4.0.6.jar:4.0.6]
	at org.springframework.boot.SpringApplication.refreshContext(SpringApplication.java:445) ~[spring-boot-4.0.6.jar:4.0.6]
	at org.springframework.boot.SpringApplication.run(SpringApplication.java:321) ~[spring-boot-4.0.6.jar:4.0.6]
	at org.springframework.boot.test.context.SpringBootContextLoader.lambda$loadContext$2(SpringBootContextLoader.java:155) ~[spring-boot-test-4.0.6.jar:4.0.6]
	at org.springframework.util.function.ThrowingSupplier.get(ThrowingSupplier.java:58) ~[spring-core-7.0.7.jar:7.0.7]
	at org.springframework.util.function.ThrowingSupplier.get(ThrowingSupplier.java:46) ~[spring-core-7.0.7.jar:7.0.7]
	at org.springframework.boot.SpringApplication.withHook(SpringApplication.java:1465) ~[spring-boot-4.0.6.jar:4.0.6]
	at org.springframework.boot.test.context.SpringBootContextLoader$ContextLoaderHook.run(SpringBootContextLoader.java:600) ~[spring-boot-test-4.0.6.jar:4.0.6]
	at org.springframework.boot.test.context.SpringBootContextLoader.loadContext(SpringBootContextLoader.java:155) ~[spring-boot-test-4.0.6.jar:4.0.6]
	at org.springframework.boot.test.context.SpringBootContextLoader.loadContext(SpringBootContextLoader.java:114) ~[spring-boot-test-4.0.6.jar:4.0.6]
	at org.springframework.test.context.cache.DefaultCacheAwareContextLoaderDelegate.loadContextInternal(DefaultCacheAwareContextLoaderDelegate.java:247) ~[spring-test-7.0.7.jar:7.0.7]
	at org.springframework.test.context.cache.DefaultCacheAwareContextLoaderDelegate.lambda$loadContext$0(DefaultCacheAwareContextLoaderDelegate.java:167) ~[spring-test-7.0.7.jar:7.0.7]
	... 86 common frames omitted
Caused by: org.springframework.beans.factory.UnsatisfiedDependencyException: Error creating bean with name 'hypermediaWebMvcConfigurer' defined in class path resource [org/springframework/hateoas/config/WebMvcHateoasConfiguration.class]: Unsatisfied dependency expressed through method 'hypermediaWebMvcConfigurer' parameter 0: Error creating bean with name 'hypermediaWebMvcConverters' defined in class path resource [org/springframework/hateoas/config/HateoasConfiguration.class]: Failed to instantiate [org.springframework.hateoas.config.WebConverters]: Factory method 'hypermediaWebMvcConverters' threw exception with message: Error creating bean with name 'jacksonJsonMapper' defined in class path resource [org/springframework/boot/jackson/autoconfigure/JacksonAutoConfiguration.class]: Unsatisfied dependency expressed through method 'jacksonJsonMapper' parameter 0: Error creating bean with name 'jsonMapperBuilder' defined in class path resource [org/springframework/boot/jackson/autoconfigure/JacksonAutoConfiguration.class]: Unsatisfied dependency expressed through method 'jsonMapperBuilder' parameter 0: Error creating bean with name 'standardJsonMapperBuilderCustomizer' defined in class path resource [org/springframework/boot/jackson/autoconfigure/JacksonAutoConfiguration$JacksonJsonMapperBuilderCustomizerConfiguration.class]: Unsatisfied dependency expressed through method 'standardJsonMapperBuilderCustomizer' parameter 0: Error creating bean with name 'spring.jackson-org.springframework.boot.jackson.autoconfigure.JacksonProperties': Could not bind properties to 'JacksonProperties' : prefix=spring.jackson, ignoreInvalidFields=false, ignoreUnknownFields=true
	at org.springframework.beans.factory.support.ConstructorResolver.createArgumentArray(ConstructorResolver.java:804) ~[spring-beans-7.0.7.jar:7.0.7]
	at org.springframework.beans.factory.support.ConstructorResolver.instantiateUsingFactoryMethod(ConstructorResolver.java:546) ~[spring-beans-7.0.7.jar:7.0.7]
	at org.springframework.beans.factory.support.AbstractAutowireCapableBeanFactory.instantiateUsingFactoryMethod(AbstractAutowireCapableBeanFactory.java:1362) ~[spring-beans-7.0.7.jar:7.0.7]
	at org.springframework.beans.factory.support.AbstractAutowireCapableBeanFactory.createBeanInstance(AbstractAutowireCapableBeanFactory.java:1194) ~[spring-beans-7.0.7.jar:7.0.7]
	at org.springframework.beans.factory.support.AbstractAutowireCapableBeanFactory.doCreateBean(AbstractAutowireCapableBeanFactory.java:565) ~[spring-beans-7.0.7.jar:7.0.7]
	at org.springframework.beans.factory.support.AbstractAutowireCapableBeanFactory.createBean(AbstractAutowireCapableBeanFactory.java:525) ~[spring-beans-7.0.7.jar:7.0.7]
	at org.springframework.beans.factory.support.AbstractBeanFactory.lambda$doGetBean$0(AbstractBeanFactory.java:333) ~[spring-beans-7.0.7.jar:7.0.7]
	at org.springframework.beans.factory.support.DefaultSingletonBeanRegistry.getSingleton(DefaultSingletonBeanRegistry.java:371) ~[spring-beans-7.0.7.jar:7.0.7]
	at org.springframework.beans.factory.support.AbstractBeanFactory.doGetBean(AbstractBeanFactory.java:331) ~[spring-beans-7.0.7.jar:7.0.7]
	at org.springframework.beans.factory.support.AbstractBeanFactory.getBean(AbstractBeanFactory.java:201) ~[spring-beans-7.0.7.jar:7.0.7]
	at org.springframework.beans.factory.config.DependencyDescriptor.resolveCandidate(DependencyDescriptor.java:229) ~[spring-beans-7.0.7.jar:7.0.7]
	at org.springframework.beans.factory.support.DefaultListableBeanFactory.addCandidateEntry(DefaultListableBeanFactory.java:2008) ~[spring-beans-7.0.7.jar:7.0.7]
	at org.springframework.beans.factory.support.DefaultListableBeanFactory.findAutowireCandidates(DefaultListableBeanFactory.java:1971) ~[spring-beans-7.0.7.jar:7.0.7]
	at org.springframework.beans.factory.support.DefaultListableBeanFactory.resolveMultipleBeanCollection(DefaultListableBeanFactory.java:1863) ~[spring-beans-7.0.7.jar:7.0.7]
	at org.springframework.beans.factory.support.DefaultListableBeanFactory.resolveMultipleBeans(DefaultListableBeanFactory.java:1833) ~[spring-beans-7.0.7.jar:7.0.7]
	at org.springframework.beans.factory.support.DefaultListableBeanFactory.doResolveDependency(DefaultListableBeanFactory.java:1711) ~[spring-beans-7.0.7.jar:7.0.7]
	at org.springframework.beans.factory.support.DefaultListableBeanFactory.resolveDependency(DefaultListableBeanFactory.java:1651) ~[spring-beans-7.0.7.jar:7.0.7]
	at org.springframework.beans.factory.annotation.AutowiredAnnotationBeanPostProcessor$AutowiredMethodElement.resolveMethodArguments(AutowiredAnnotationBeanPostProcessor.java:864) ~[spring-beans-7.0.7.jar:7.0.7]
	... 113 common frames omitted
Caused by: org.springframework.beans.factory.BeanCreationException: Error creating bean with name 'hypermediaWebMvcConverters' defined in class path resource [org/springframework/hateoas/config/HateoasConfiguration.class]: Failed to instantiate [org.springframework.hateoas.config.WebConverters]: Factory method 'hypermediaWebMvcConverters' threw exception with message: Error creating bean with name 'jacksonJsonMapper' defined in class path resource [org/springframework/boot/jackson/autoconfigure/JacksonAutoConfiguration.class]: Unsatisfied dependency expressed through method 'jacksonJsonMapper' parameter 0: Error creating bean with name 'jsonMapperBuilder' defined in class path resource [org/springframework/boot/jackson/autoconfigure/JacksonAutoConfiguration.class]: Unsatisfied dependency expressed through method 'jsonMapperBuilder' parameter 0: Error creating bean with name 'standardJsonMapperBuilderCustomizer' defined in class path resource [org/springframework/boot/jackson/autoconfigure/JacksonAutoConfiguration$JacksonJsonMapperBuilderCustomizerConfiguration.class]: Unsatisfied dependency expressed through method 'standardJsonMapperBuilderCustomizer' parameter 0: Error creating bean with name 'spring.jackson-org.springframework.boot.jackson.autoconfigure.JacksonProperties': Could not bind properties to 'JacksonProperties' : prefix=spring.jackson, ignoreInvalidFields=false, ignoreUnknownFields=true
	at org.springframework.beans.factory.support.ConstructorResolver.instantiate(ConstructorResolver.java:657) ~[spring-beans-7.0.7.jar:7.0.7]
	at org.springframework.beans.factory.support.ConstructorResolver.instantiateUsingFactoryMethod(ConstructorResolver.java:645) ~[spring-beans-7.0.7.jar:7.0.7]
	at org.springframework.beans.factory.support.AbstractAutowireCapableBeanFactory.instantiateUsingFactoryMethod(AbstractAutowireCapableBeanFactory.java:1362) ~[spring-beans-7.0.7.jar:7.0.7]
	at org.springframework.beans.factory.support.AbstractAutowireCapableBeanFactory.createBeanInstance(AbstractAutowireCapableBeanFactory.java:1194) ~[spring-beans-7.0.7.jar:7.0.7]
	at org.springframework.beans.factory.support.AbstractAutowireCapableBeanFactory.doCreateBean(AbstractAutowireCapableBeanFactory.java:565) ~[spring-beans-7.0.7.jar:7.0.7]
	at org.springframework.beans.factory.support.AbstractAutowireCapableBeanFactory.createBean(AbstractAutowireCapableBeanFactory.java:525) ~[spring-beans-7.0.7.jar:7.0.7]
	at org.springframework.beans.factory.support.AbstractBeanFactory.lambda$doGetBean$0(AbstractBeanFactory.java:333) ~[spring-beans-7.0.7.jar:7.0.7]
	at org.springframework.beans.factory.support.DefaultSingletonBeanRegistry.getSingleton(DefaultSingletonBeanRegistry.java:371) ~[spring-beans-7.0.7.jar:7.0.7]
	at org.springframework.beans.factory.support.AbstractBeanFactory.doGetBean(AbstractBeanFactory.java:331) ~[spring-beans-7.0.7.jar:7.0.7]
	at org.springframework.beans.factory.support.AbstractBeanFactory.getBean(AbstractBeanFactory.java:201) ~[spring-beans-7.0.7.jar:7.0.7]
	at org.springframework.beans.factory.config.DependencyDescriptor.resolveCandidate(DependencyDescriptor.java:229) ~[spring-beans-7.0.7.jar:7.0.7]
	at org.springframework.beans.factory.support.DefaultListableBeanFactory.doResolveDependency(DefaultListableBeanFactory.java:1762) ~[spring-beans-7.0.7.jar:7.0.7]
	at org.springframework.beans.factory.support.DefaultListableBeanFactory.resolveDependency(DefaultListableBeanFactory.java:1651) ~[spring-beans-7.0.7.jar:7.0.7]
	at org.springframework.beans.factory.support.ConstructorResolver.resolveAutowiredArgument(ConstructorResolver.java:912) ~[spring-beans-7.0.7.jar:7.0.7]
	at org.springframework.beans.factory.support.ConstructorResolver.createArgumentArray(ConstructorResolver.java:791) ~[spring-beans-7.0.7.jar:7.0.7]
	... 130 common frames omitted
Caused by: org.springframework.beans.BeanInstantiationException: Failed to instantiate [org.springframework.hateoas.config.WebConverters]: Factory method 'hypermediaWebMvcConverters' threw exception with message: Error creating bean with name 'jacksonJsonMapper' defined in class path resource [org/springframework/boot/jackson/autoconfigure/JacksonAutoConfiguration.class]: Unsatisfied dependency expressed through method 'jacksonJsonMapper' parameter 0: Error creating bean with name 'jsonMapperBuilder' defined in class path resource [org/springframework/boot/jackson/autoconfigure/JacksonAutoConfiguration.class]: Unsatisfied dependency expressed through method 'jsonMapperBuilder' parameter 0: Error creating bean with name 'standardJsonMapperBuilderCustomizer' defined in class path resource [org/springframework/boot/jackson/autoconfigure/JacksonAutoConfiguration$JacksonJsonMapperBuilderCustomizerConfiguration.class]: Unsatisfied dependency expressed through method 'standardJsonMapperBuilderCustomizer' parameter 0: Error creating bean with name 'spring.jackson-org.springframework.boot.jackson.autoconfigure.JacksonProperties': Could not bind properties to 'JacksonProperties' : prefix=spring.jackson, ignoreInvalidFields=false, ignoreUnknownFields=true
	at org.springframework.beans.factory.support.SimpleInstantiationStrategy.lambda$instantiate$0(SimpleInstantiationStrategy.java:183) ~[spring-beans-7.0.7.jar:7.0.7]
	at org.springframework.beans.factory.support.SimpleInstantiationStrategy.instantiateWithFactoryMethod(SimpleInstantiationStrategy.java:72) ~[spring-beans-7.0.7.jar:7.0.7]
	at org.springframework.beans.factory.support.SimpleInstantiationStrategy.instantiate(SimpleInstantiationStrategy.java:152) ~[spring-beans-7.0.7.jar:7.0.7]
	at org.springframework.beans.factory.support.ConstructorResolver.instantiate(ConstructorResolver.java:653) ~[spring-beans-7.0.7.jar:7.0.7]
	... 144 common frames omitted
Caused by: org.springframework.beans.factory.UnsatisfiedDependencyException: Error creating bean with name 'jacksonJsonMapper' defined in class path resource [org/springframework/boot/jackson/autoconfigure/JacksonAutoConfiguration.class]: Unsatisfied dependency expressed through method 'jacksonJsonMapper' parameter 0: Error creating bean with name 'jsonMapperBuilder' defined in class path resource [org/springframework/boot/jackson/autoconfigure/JacksonAutoConfiguration.class]: Unsatisfied dependency expressed through method 'jsonMapperBuilder' parameter 0: Error creating bean with name 'standardJsonMapperBuilderCustomizer' defined in class path resource [org/springframework/boot/jackson/autoconfigure/JacksonAutoConfiguration$JacksonJsonMapperBuilderCustomizerConfiguration.class]: Unsatisfied dependency expressed through method 'standardJsonMapperBuilderCustomizer' parameter 0: Error creating bean with name 'spring.jackson-org.springframework.boot.jackson.autoconfigure.JacksonProperties': Could not bind properties to 'JacksonProperties' : prefix=spring.jackson, ignoreInvalidFields=false, ignoreUnknownFields=true
	at org.springframework.beans.factory.support.ConstructorResolver.createArgumentArray(ConstructorResolver.java:804) ~[spring-beans-7.0.7.jar:7.0.7]
	at org.springframework.beans.factory.support.ConstructorResolver.instantiateUsingFactoryMethod(ConstructorResolver.java:546) ~[spring-beans-7.0.7.jar:7.0.7]
	at org.springframework.beans.factory.support.AbstractAutowireCapableBeanFactory.instantiateUsingFactoryMethod(AbstractAutowireCapableBeanFactory.java:1362) ~[spring-beans-7.0.7.jar:7.0.7]
	at org.springframework.beans.factory.support.AbstractAutowireCapableBeanFactory.createBeanInstance(AbstractAutowireCapableBeanFactory.java:1194) ~[spring-beans-7.0.7.jar:7.0.7]
	at org.springframework.beans.factory.support.AbstractAutowireCapableBeanFactory.doCreateBean(AbstractAutowireCapableBeanFactory.java:565) ~[spring-beans-7.0.7.jar:7.0.7]
	at org.springframework.beans.factory.support.AbstractAutowireCapableBeanFactory.createBean(AbstractAutowireCapableBeanFactory.java:525) ~[spring-beans-7.0.7.jar:7.0.7]
	at org.springframework.beans.factory.support.AbstractBeanFactory.lambda$doGetBean$0(AbstractBeanFactory.java:333) ~[spring-beans-7.0.7.jar:7.0.7]
	at org.springframework.beans.factory.support.DefaultSingletonBeanRegistry.getSingleton(DefaultSingletonBeanRegistry.java:371) ~[spring-beans-7.0.7.jar:7.0.7]
	at org.springframework.beans.factory.support.AbstractBeanFactory.doGetBean(AbstractBeanFactory.java:331) ~[spring-beans-7.0.7.jar:7.0.7]
	at org.springframework.beans.factory.support.AbstractBeanFactory.getBean(AbstractBeanFactory.java:201) ~[spring-beans-7.0.7.jar:7.0.7]
	at org.springframework.beans.factory.config.DependencyDescriptor.resolveCandidate(DependencyDescriptor.java:229) ~[spring-beans-7.0.7.jar:7.0.7]
	at org.springframework.beans.factory.support.DefaultListableBeanFactory.doResolveDependency(DefaultListableBeanFactory.java:1762) ~[spring-beans-7.0.7.jar:7.0.7]
	at org.springframework.beans.factory.support.DefaultListableBeanFactory$DependencyObjectProvider.getIfUnique(DefaultListableBeanFactory.java:2611) ~[spring-beans-7.0.7.jar:7.0.7]
	at org.springframework.beans.factory.ObjectProvider.getIfUnique(ObjectProvider.java:194) ~[spring-beans-7.0.7.jar:7.0.7]
	at org.springframework.hateoas.config.HateoasConfiguration.hypermediaWebMvcConverters(HateoasConfiguration.java:85) ~[spring-hateoas-3.0.3.jar:3.0.3]
	at java.base/jdk.internal.reflect.DirectMethodHandleAccessor.invoke(DirectMethodHandleAccessor.java:103) ~[na:na]
	at java.base/java.lang.reflect.Method.invoke(Method.java:580) ~[na:na]
	at org.springframework.beans.factory.support.SimpleInstantiationStrategy.lambda$instantiate$0(SimpleInstantiationStrategy.java:155) ~[spring-beans-7.0.7.jar:7.0.7]
	... 147 common frames omitted
Caused by: org.springframework.beans.factory.UnsatisfiedDependencyException: Error creating bean with name 'jsonMapperBuilder' defined in class path resource [org/springframework/boot/jackson/autoconfigure/JacksonAutoConfiguration.class]: Unsatisfied dependency expressed through method 'jsonMapperBuilder' parameter 0: Error creating bean with name 'standardJsonMapperBuilderCustomizer' defined in class path resource [org/springframework/boot/jackson/autoconfigure/JacksonAutoConfiguration$JacksonJsonMapperBuilderCustomizerConfiguration.class]: Unsatisfied dependency expressed through method 'standardJsonMapperBuilderCustomizer' parameter 0: Error creating bean with name 'spring.jackson-org.springframework.boot.jackson.autoconfigure.JacksonProperties': Could not bind properties to 'JacksonProperties' : prefix=spring.jackson, ignoreInvalidFields=false, ignoreUnknownFields=true
	at org.springframework.beans.factory.support.ConstructorResolver.createArgumentArray(ConstructorResolver.java:804) ~[spring-beans-7.0.7.jar:7.0.7]
	at org.springframework.beans.factory.support.ConstructorResolver.instantiateUsingFactoryMethod(ConstructorResolver.java:546) ~[spring-beans-7.0.7.jar:7.0.7]
	at org.springframework.beans.factory.support.AbstractAutowireCapableBeanFactory.instantiateUsingFactoryMethod(AbstractAutowireCapableBeanFactory.java:1362) ~[spring-beans-7.0.7.jar:7.0.7]
	at org.springframework.beans.factory.support.AbstractAutowireCapableBeanFactory.createBeanInstance(AbstractAutowireCapableBeanFactory.java:1194) ~[spring-beans-7.0.7.jar:7.0.7]
	at org.springframework.beans.factory.support.AbstractAutowireCapableBeanFactory.doCreateBean(AbstractAutowireCapableBeanFactory.java:565) ~[spring-beans-7.0.7.jar:7.0.7]
	at org.springframework.beans.factory.support.AbstractAutowireCapableBeanFactory.createBean(AbstractAutowireCapableBeanFactory.java:525) ~[spring-beans-7.0.7.jar:7.0.7]
	at org.springframework.beans.factory.support.AbstractBeanFactory.doGetBean(AbstractBeanFactory.java:351) ~[spring-beans-7.0.7.jar:7.0.7]
	at org.springframework.beans.factory.support.AbstractBeanFactory.getBean(AbstractBeanFactory.java:201) ~[spring-beans-7.0.7.jar:7.0.7]
	at org.springframework.beans.factory.config.DependencyDescriptor.resolveCandidate(DependencyDescriptor.java:229) ~[spring-beans-7.0.7.jar:7.0.7]
	at org.springframework.beans.factory.support.DefaultListableBeanFactory.doResolveDependency(DefaultListableBeanFactory.java:1762) ~[spring-beans-7.0.7.jar:7.0.7]
	at org.springframework.beans.factory.support.DefaultListableBeanFactory.resolveDependency(DefaultListableBeanFactory.java:1651) ~[spring-beans-7.0.7.jar:7.0.7]
	at org.springframework.beans.factory.support.ConstructorResolver.resolveAutowiredArgument(ConstructorResolver.java:912) ~[spring-beans-7.0.7.jar:7.0.7]
	at org.springframework.beans.factory.support.ConstructorResolver.createArgumentArray(ConstructorResolver.java:791) ~[spring-beans-7.0.7.jar:7.0.7]
	... 164 common frames omitted
Caused by: org.springframework.beans.factory.UnsatisfiedDependencyException: Error creating bean with name 'standardJsonMapperBuilderCustomizer' defined in class path resource [org/springframework/boot/jackson/autoconfigure/JacksonAutoConfiguration$JacksonJsonMapperBuilderCustomizerConfiguration.class]: Unsatisfied dependency expressed through method 'standardJsonMapperBuilderCustomizer' parameter 0: Error creating bean with name 'spring.jackson-org.springframework.boot.jackson.autoconfigure.JacksonProperties': Could not bind properties to 'JacksonProperties' : prefix=spring.jackson, ignoreInvalidFields=false, ignoreUnknownFields=true
	at org.springframework.beans.factory.support.ConstructorResolver.createArgumentArray(ConstructorResolver.java:804) ~[spring-beans-7.0.7.jar:7.0.7]
	at org.springframework.beans.factory.support.ConstructorResolver.instantiateUsingFactoryMethod(ConstructorResolver.java:546) ~[spring-beans-7.0.7.jar:7.0.7]
	at org.springframework.beans.factory.support.AbstractAutowireCapableBeanFactory.instantiateUsingFactoryMethod(AbstractAutowireCapableBeanFactory.java:1362) ~[spring-beans-7.0.7.jar:7.0.7]
	at org.springframework.beans.factory.support.AbstractAutowireCapableBeanFactory.createBeanInstance(AbstractAutowireCapableBeanFactory.java:1194) ~[spring-beans-7.0.7.jar:7.0.7]
	at org.springframework.beans.factory.support.AbstractAutowireCapableBeanFactory.doCreateBean(AbstractAutowireCapableBeanFactory.java:565) ~[spring-beans-7.0.7.jar:7.0.7]
	at org.springframework.beans.factory.support.AbstractAutowireCapableBeanFactory.createBean(AbstractAutowireCapableBeanFactory.java:525) ~[spring-beans-7.0.7.jar:7.0.7]
	at org.springframework.beans.factory.support.AbstractBeanFactory.lambda$doGetBean$0(AbstractBeanFactory.java:333) ~[spring-beans-7.0.7.jar:7.0.7]
	at org.springframework.beans.factory.support.DefaultSingletonBeanRegistry.getSingleton(DefaultSingletonBeanRegistry.java:371) ~[spring-beans-7.0.7.jar:7.0.7]
	at org.springframework.beans.factory.support.AbstractBeanFactory.doGetBean(AbstractBeanFactory.java:331) ~[spring-beans-7.0.7.jar:7.0.7]
	at org.springframework.beans.factory.support.AbstractBeanFactory.getBean(AbstractBeanFactory.java:201) ~[spring-beans-7.0.7.jar:7.0.7]
	at org.springframework.beans.factory.config.DependencyDescriptor.resolveCandidate(DependencyDescriptor.java:229) ~[spring-beans-7.0.7.jar:7.0.7]
	at org.springframework.beans.factory.support.DefaultListableBeanFactory.addCandidateEntry(DefaultListableBeanFactory.java:2008) ~[spring-beans-7.0.7.jar:7.0.7]
	at org.springframework.beans.factory.support.DefaultListableBeanFactory.findAutowireCandidates(DefaultListableBeanFactory.java:1971) ~[spring-beans-7.0.7.jar:7.0.7]
	at org.springframework.beans.factory.support.DefaultListableBeanFactory.resolveMultipleBeanCollection(DefaultListableBeanFactory.java:1863) ~[spring-beans-7.0.7.jar:7.0.7]
	at org.springframework.beans.factory.support.DefaultListableBeanFactory.resolveMultipleBeans(DefaultListableBeanFactory.java:1833) ~[spring-beans-7.0.7.jar:7.0.7]
	at org.springframework.beans.factory.support.DefaultListableBeanFactory.doResolveDependency(DefaultListableBeanFactory.java:1711) ~[spring-beans-7.0.7.jar:7.0.7]
	at org.springframework.beans.factory.support.DefaultListableBeanFactory.resolveDependency(DefaultListableBeanFactory.java:1651) ~[spring-beans-7.0.7.jar:7.0.7]
	at org.springframework.beans.factory.support.ConstructorResolver.resolveAutowiredArgument(ConstructorResolver.java:912) ~[spring-beans-7.0.7.jar:7.0.7]
	at org.springframework.beans.factory.support.ConstructorResolver.createArgumentArray(ConstructorResolver.java:791) ~[spring-beans-7.0.7.jar:7.0.7]
	... 176 common frames omitted
Caused by: org.springframework.boot.context.properties.ConfigurationPropertiesBindException: Error creating bean with name 'spring.jackson-org.springframework.boot.jackson.autoconfigure.JacksonProperties': Could not bind properties to 'JacksonProperties' : prefix=spring.jackson, ignoreInvalidFields=false, ignoreUnknownFields=true
	at org.springframework.boot.context.properties.ConfigurationPropertiesBindingPostProcessor.bind(ConfigurationPropertiesBindingPostProcessor.java:104) ~[spring-boot-4.0.6.jar:4.0.6]
	at org.springframework.boot.context.properties.ConfigurationPropertiesBindingPostProcessor.postProcessBeforeInitialization(ConfigurationPropertiesBindingPostProcessor.java:84) ~[spring-boot-4.0.6.jar:4.0.6]
	at org.springframework.beans.factory.support.AbstractAutowireCapableBeanFactory.applyBeanPostProcessorsBeforeInitialization(AbstractAutowireCapableBeanFactory.java:426) ~[spring-beans-7.0.7.jar:7.0.7]
	at org.springframework.beans.factory.support.AbstractAutowireCapableBeanFactory.initializeBean(AbstractAutowireCapableBeanFactory.java:1809) ~[spring-beans-7.0.7.jar:7.0.7]
	at org.springframework.beans.factory.support.AbstractAutowireCapableBeanFactory.doCreateBean(AbstractAutowireCapableBeanFactory.java:603) ~[spring-beans-7.0.7.jar:7.0.7]
	at org.springframework.beans.factory.support.AbstractAutowireCapableBeanFactory.createBean(AbstractAutowireCapableBeanFactory.java:525) ~[spring-beans-7.0.7.jar:7.0.7]
	at org.springframework.beans.factory.support.AbstractBeanFactory.lambda$doGetBean$0(AbstractBeanFactory.java:333) ~[spring-beans-7.0.7.jar:7.0.7]
	at org.springframework.beans.factory.support.DefaultSingletonBeanRegistry.getSingleton(DefaultSingletonBeanRegistry.java:371) ~[spring-beans-7.0.7.jar:7.0.7]
	at org.springframework.beans.factory.support.AbstractBeanFactory.doGetBean(AbstractBeanFactory.java:331) ~[spring-beans-7.0.7.jar:7.0.7]
	at org.springframework.beans.factory.support.AbstractBeanFactory.getBean(AbstractBeanFactory.java:201) ~[spring-beans-7.0.7.jar:7.0.7]
	at org.springframework.beans.factory.config.DependencyDescriptor.resolveCandidate(DependencyDescriptor.java:229) ~[spring-beans-7.0.7.jar:7.0.7]
	at org.springframework.beans.factory.support.DefaultListableBeanFactory.doResolveDependency(DefaultListableBeanFactory.java:1762) ~[spring-beans-7.0.7.jar:7.0.7]
	at org.springframework.beans.factory.support.DefaultListableBeanFactory.resolveDependency(DefaultListableBeanFactory.java:1651) ~[spring-beans-7.0.7.jar:7.0.7]
	at org.springframework.beans.factory.support.ConstructorResolver.resolveAutowiredArgument(ConstructorResolver.java:912) ~[spring-beans-7.0.7.jar:7.0.7]
	at org.springframework.beans.factory.support.ConstructorResolver.createArgumentArray(ConstructorResolver.java:791) ~[spring-beans-7.0.7.jar:7.0.7]
	... 194 common frames omitted
Caused by: org.springframework.boot.context.properties.bind.BindException: Failed to bind properties under 'spring.jackson.deserialization' to java.util.Map<tools.jackson.databind.DeserializationFeature, java.lang.Boolean>
	at org.springframework.boot.context.properties.bind.Binder.handleBindError(Binder.java:418) ~[spring-boot-4.0.6.jar:4.0.6]
	at org.springframework.boot.context.properties.bind.Binder.bind(Binder.java:377) ~[spring-boot-4.0.6.jar:4.0.6]
	at org.springframework.boot.context.properties.bind.Binder.lambda$bindDataObject$0(Binder.java:505) ~[spring-boot-4.0.6.jar:4.0.6]
	at org.springframework.boot.context.properties.bind.JavaBeanBinder.bind(JavaBeanBinder.java:127) ~[spring-boot-4.0.6.jar:4.0.6]
	at org.springframework.boot.context.properties.bind.JavaBeanBinder.bind(JavaBeanBinder.java:115) ~[spring-boot-4.0.6.jar:4.0.6]
	at org.springframework.boot.context.properties.bind.JavaBeanBinder.bind(JavaBeanBinder.java:71) ~[spring-boot-4.0.6.jar:4.0.6]
	at org.springframework.boot.context.properties.bind.Binder.lambda$bindDataObject$2(Binder.java:508) ~[spring-boot-4.0.6.jar:4.0.6]
	at org.springframework.boot.context.properties.bind.Binder.fromDataObjectBinders(Binder.java:517) ~[spring-boot-4.0.6.jar:4.0.6]
	at org.springframework.boot.context.properties.bind.Binder.lambda$bindDataObject$1(Binder.java:507) ~[spring-boot-4.0.6.jar:4.0.6]
	at org.springframework.boot.context.properties.bind.Binder$Context.withIncreasedDepth(Binder.java:632) ~[spring-boot-4.0.6.jar:4.0.6]
	at org.springframework.boot.context.properties.bind.Binder$Context.withDataObject(Binder.java:618) ~[spring-boot-4.0.6.jar:4.0.6]
	at org.springframework.boot.context.properties.bind.Binder.bindDataObject(Binder.java:509) ~[spring-boot-4.0.6.jar:4.0.6]
	at org.springframework.boot.context.properties.bind.Binder.bindObject(Binder.java:445) ~[spring-boot-4.0.6.jar:4.0.6]
	at org.springframework.boot.context.properties.bind.Binder.bind(Binder.java:373) ~[spring-boot-4.0.6.jar:4.0.6]
	at org.springframework.boot.context.properties.bind.Binder.bind(Binder.java:360) ~[spring-boot-4.0.6.jar:4.0.6]
	at org.springframework.boot.context.properties.bind.Binder.bind(Binder.java:287) ~[spring-boot-4.0.6.jar:4.0.6]
	at org.springframework.boot.context.properties.bind.Binder.bind(Binder.java:274) ~[spring-boot-4.0.6.jar:4.0.6]
	at org.springframework.boot.context.properties.ConfigurationPropertiesBinder.bind(ConfigurationPropertiesBinder.java:96) ~[spring-boot-4.0.6.jar:4.0.6]
	at org.springframework.boot.context.properties.ConfigurationPropertiesBindingPostProcessor.bind(ConfigurationPropertiesBindingPostProcessor.java:101) ~[spring-boot-4.0.6.jar:4.0.6]
	... 208 common frames omitted
Caused by: org.springframework.core.convert.ConversionFailedException: Failed to convert from type [java.lang.String] to type [tools.jackson.databind.DeserializationFeature] for value [READ_UNKNOWN_ENUM_VALUES_AS_NULL]
	at org.springframework.core.convert.support.ConversionUtils.invokeConverter(ConversionUtils.java:47) ~[spring-core-7.0.7.jar:7.0.7]
	at org.springframework.core.convert.support.GenericConversionService.convert(GenericConversionService.java:181) ~[spring-core-7.0.7.jar:7.0.7]
	at org.springframework.boot.context.properties.bind.BindConverter.convert(BindConverter.java:113) ~[spring-boot-4.0.6.jar:4.0.6]
	at org.springframework.boot.context.properties.bind.BindConverter.convert(BindConverter.java:104) ~[spring-boot-4.0.6.jar:4.0.6]
	at org.springframework.boot.context.properties.bind.MapBinder$EntryBinder.bindEntries(MapBinder.java:184) ~[spring-boot-4.0.6.jar:4.0.6]
	at org.springframework.boot.context.properties.bind.MapBinder.bindAggregate(MapBinder.java:76) ~[spring-boot-4.0.6.jar:4.0.6]
	at org.springframework.boot.context.properties.bind.AggregateBinder.bind(AggregateBinder.java:59) ~[spring-boot-4.0.6.jar:4.0.6]
	at org.springframework.boot.context.properties.bind.Binder.lambda$bindAggregate$2(Binder.java:469) ~[spring-boot-4.0.6.jar:4.0.6]
	at org.springframework.boot.context.properties.bind.Binder$Context.withIncreasedDepth(Binder.java:632) ~[spring-boot-4.0.6.jar:4.0.6]
	at org.springframework.boot.context.properties.bind.Binder.bindAggregate(Binder.java:470) ~[spring-boot-4.0.6.jar:4.0.6]
	at org.springframework.boot.context.properties.bind.Binder.bindObject(Binder.java:430) ~[spring-boot-4.0.6.jar:4.0.6]
	at org.springframework.boot.context.properties.bind.Binder.bind(Binder.java:373) ~[spring-boot-4.0.6.jar:4.0.6]
	... 225 common frames omitted
Caused by: java.lang.IllegalArgumentException: No enum constant tools.jackson.databind.DeserializationFeature.READ_UNKNOWN_ENUM_VALUES_AS_NULL
	at org.springframework.boot.convert.LenientObjectToEnumConverterFactory$LenientToEnumConverter.findEnum(LenientObjectToEnumConverterFactory.java:95) ~[spring-boot-4.0.6.jar:4.0.6]
	at org.springframework.boot.convert.LenientObjectToEnumConverterFactory$LenientToEnumConverter.convert(LenientObjectToEnumConverterFactory.java:82) ~[spring-boot-4.0.6.jar:4.0.6]
	at org.springframework.boot.convert.LenientObjectToEnumConverterFactory$LenientToEnumConverter.convert(LenientObjectToEnumConverterFactory.java:63) ~[spring-boot-4.0.6.jar:4.0.6]
	at org.springframework.core.convert.support.GenericConversionService$ConverterFactoryAdapter.convert(GenericConversionService.java:407) ~[spring-core-7.0.7.jar:7.0.7]
	at org.springframework.core.convert.support.ConversionUtils.invokeConverter(ConversionUtils.java:41) ~[spring-core-7.0.7.jar:7.0.7]
	... 236 common frames omitted

2026-05-20T15:12:02.461+02:00  INFO 10216 --- [mesh.atlas] [main] pl.com.ww.mesh.atlas.ApplicationTests    : Starting ApplicationTests using Java 21 with PID 10216 (started by wwalc in C:\DEV\mesh-atlas\backend)
2026-05-20T15:12:02.462+02:00 DEBUG 10216 --- [mesh.atlas] [main] pl.com.ww.mesh.atlas.ApplicationTests    : Running with Spring Boot v4.0.6, Spring v7.0.7
2026-05-20T15:12:02.463+02:00  INFO 10216 --- [mesh.atlas] [main] pl.com.ww.mesh.atlas.ApplicationTests    : No active profile set, falling back to 1 default profile: "default"
2026-05-20T15:12:03.244+02:00  INFO 10216 --- [mesh.atlas] [main] .s.d.r.c.RepositoryConfigurationDelegate : Bootstrapping Spring Data JPA repositories in DEFAULT mode.
2026-05-20T15:12:03.270+02:00  INFO 10216 --- [mesh.atlas] [main] .s.d.r.c.RepositoryConfigurationDelegate : Finished Spring Data repository scanning in 15 ms. Found 0 JPA repository interfaces.
2026-05-20T15:12:03.726+02:00  INFO 10216 --- [mesh.atlas] [main] com.zaxxer.hikari.HikariDataSource       : HikariPool-1 - Starting...
2026-05-20T15:12:03.972+02:00  INFO 10216 --- [mesh.atlas] [main] com.zaxxer.hikari.pool.HikariPool        : HikariPool-1 - Added connection conn0: url=jdbc:h2:mem:testdb user=ATLAS
2026-05-20T15:12:03.974+02:00  INFO 10216 --- [mesh.atlas] [main] com.zaxxer.hikari.HikariDataSource       : HikariPool-1 - Start completed.
2026-05-20T15:12:04.022+02:00  INFO 10216 --- [mesh.atlas] [main] org.hibernate.orm.jpa                    : HHH008540: Processing PersistenceUnitInfo [name: default]
2026-05-20T15:12:04.112+02:00  INFO 10216 --- [mesh.atlas] [main] org.hibernate.orm.core                   : HHH000001: Hibernate ORM core version 7.2.12.Final
2026-05-20T15:12:04.563+02:00  INFO 10216 --- [mesh.atlas] [main] o.s.o.j.p.SpringPersistenceUnitInfo      : No LoadTimeWeaver setup: ignoring JPA class transformer
2026-05-20T15:12:04.620+02:00  WARN 10216 --- [mesh.atlas] [main] org.hibernate.orm.core                   : HHH000511: The 2.4.240 version for [org.hibernate.dialect.PostgreSQLDialect] is no longer supported, hence certain features may not work properly.The minimum supported version is 13.0.0. Check the community dialects project for available legacy versions.
2026-05-20T15:12:04.623+02:00  WARN 10216 --- [mesh.atlas] [main] org.hibernate.orm.deprecation            : HHH90000025: PostgreSQLDialect does not need to be specified explicitly using 'hibernate.dialect' (remove the property setting and it will be selected by default)
2026-05-20T15:12:04.642+02:00  INFO 10216 --- [mesh.atlas] [main] org.hibernate.orm.connections.pooling    : HHH10001005: Database info:
	Database JDBC URL [jdbc:h2:mem:testdb]
	Database driver: H2 JDBC Driver
	Database dialect: PostgreSQLDialect
	Database version: 2.4.240
	Default catalog/schema: TESTDB/PUBLIC
	Autocommit mode: undefined/unknown
	Isolation level: READ_COMMITTED [default READ_COMMITTED]
	JDBC fetch size: 100
	Pool: DataSourceConnectionProvider
	Minimum pool size: undefined/unknown
	Maximum pool size: undefined/unknown
2026-05-20T15:12:05.169+02:00  INFO 10216 --- [mesh.atlas] [main] org.hibernate.orm.core                   : HHH000489: No JTA platform available (set 'hibernate.transaction.jta.platform' to enable JTA platform integration)
2026-05-20T15:12:05.177+02:00  INFO 10216 --- [mesh.atlas] [main] j.LocalContainerEntityManagerFactoryBean : Initialized JPA EntityManagerFactory for persistence unit 'default'
2026-05-20T15:12:05.351+02:00  WARN 10216 --- [mesh.atlas] [main] o.s.w.c.s.GenericWebApplicationContext   : Exception encountered during context initialization - cancelling refresh attempt: org.springframework.beans.factory.UnsatisfiedDependencyException: Error creating bean with name 'org.springframework.boot.webmvc.autoconfigure.WebMvcAutoConfiguration$EnableWebMvcConfiguration': Unsatisfied dependency expressed through method 'setConfigurers' parameter 0: Error creating bean with name 'hypermediaWebMvcConfigurer' defined in class path resource [org/springframework/hateoas/config/WebMvcHateoasConfiguration.class]: Unsatisfied dependency expressed through method 'hypermediaWebMvcConfigurer' parameter 0: Error creating bean with name 'hypermediaWebMvcConverters' defined in class path resource [org/springframework/hateoas/config/HateoasConfiguration.class]: Failed to instantiate [org.springframework.hateoas.config.WebConverters]: Factory method 'hypermediaWebMvcConverters' threw exception with message: Error creating bean with name 'jacksonJsonMapper' defined in class path resource [org/springframework/boot/jackson/autoconfigure/JacksonAutoConfiguration.class]: Unsatisfied dependency expressed through method 'jacksonJsonMapper' parameter 0: Error creating bean with name 'jsonMapperBuilder' defined in class path resource [org/springframework/boot/jackson/autoconfigure/JacksonAutoConfiguration.class]: Unsatisfied dependency expressed through method 'jsonMapperBuilder' parameter 0: Error creating bean with name 'standardJsonMapperBuilderCustomizer' defined in class path resource [org/springframework/boot/jackson/autoconfigure/JacksonAutoConfiguration$JacksonJsonMapperBuilderCustomizerConfiguration.class]: Unsatisfied dependency expressed through method 'standardJsonMapperBuilderCustomizer' parameter 0: Error creating bean with name 'spring.jackson-org.springframework.boot.jackson.autoconfigure.JacksonProperties': Could not bind properties to 'JacksonProperties' : prefix=spring.jackson, ignoreInvalidFields=false, ignoreUnknownFields=true
2026-05-20T15:12:05.352+02:00  INFO 10216 --- [mesh.atlas] [main] j.LocalContainerEntityManagerFactoryBean : Closing JPA EntityManagerFactory for persistence unit 'default'
2026-05-20T15:12:05.359+02:00  INFO 10216 --- [mesh.atlas] [main] com.zaxxer.hikari.HikariDataSource       : HikariPool-1 - Shutdown initiated...
2026-05-20T15:12:05.363+02:00  INFO 10216 --- [mesh.atlas] [main] com.zaxxer.hikari.HikariDataSource       : HikariPool-1 - Shutdown completed.
2026-05-20T15:12:05.391+02:00  INFO 10216 --- [mesh.atlas] [main] .s.b.a.l.ConditionEvaluationReportLogger : 

Error starting ApplicationContext. To display the condition evaluation report re-run your application with 'debug' enabled.
2026-05-20T15:12:05.440+02:00 ERROR 10216 --- [mesh.atlas] [main] o.s.b.d.LoggingFailureAnalysisReporter   : 

***************************
APPLICATION FAILED TO START
***************************

Description:

Failed to bind properties under 'spring.jackson.deserialization' to java.util.Map<tools.jackson.databind.DeserializationFeature, java.lang.Boolean>:

    Reason: failed to convert java.lang.String to tools.jackson.databind.DeserializationFeature (caused by java.lang.IllegalArgumentException: No enum constant tools.jackson.databind.DeserializationFeature.READ_UNKNOWN_ENUM_VALUES_AS_NULL)

Action:

Update your application's configuration. The following values are valid:

    ACCEPT_EMPTY_ARRAY_AS_NULL_OBJECT
    ACCEPT_EMPTY_STRING_AS_NULL_OBJECT
    ACCEPT_FLOAT_AS_INT
    ACCEPT_SINGLE_VALUE_AS_ARRAY
    EAGER_DESERIALIZER_FETCH
    FAIL_ON_IGNORED_PROPERTIES
    FAIL_ON_INVALID_SUBTYPE
    FAIL_ON_MISSING_CREATOR_PROPERTIES
    FAIL_ON_MISSING_EXTERNAL_TYPE_ID_PROPERTY
    FAIL_ON_NULL_CREATOR_PROPERTIES
    FAIL_ON_NULL_FOR_PRIMITIVES
    FAIL_ON_READING_DUP_TREE_KEY
    FAIL_ON_SUBTYPE_CLASS_NOT_REGISTERED
    FAIL_ON_TRAILING_TOKENS
    FAIL_ON_UNEXPECTED_VIEW_PROPERTIES
    FAIL_ON_UNKNOWN_INJECT_VALUE
    FAIL_ON_UNKNOWN_PROPERTIES
    FAIL_ON_UNRESOLVED_OBJECT_IDS
    IGNORE_ABSTRACT_TYPES_FOR_DEDUCTION
    UNWRAP_ROOT_VALUE
    UNWRAP_SINGLE_VALUE_ARRAYS
    USE_BIG_DECIMAL_FOR_FLOATS
    USE_BIG_INTEGER_FOR_INTS
    USE_JAVA_ARRAY_FOR_JSON_ARRAY
    USE_LONG_FOR_INTS
    USE_NULL_FOR_EMPTY_UNWRAPPED
    USE_NULL_FOR_MISSING_REFERENCE_VALUES
    WRAP_EXCEPTIONS

2026-05-20T15:12:05.446+02:00  WARN 10216 --- [mesh.atlas] [main] o.s.test.context.TestContextManager      : Caught exception while allowing TestExecutionListener [org.springframework.test.context.web.ServletTestExecutionListener] to prepare test instance [pl.com.ww.mesh.atlas.ApplicationTests@3b8a063d]

java.lang.IllegalStateException: Failed to load ApplicationContext for [WebMergedContextConfiguration@62376bdd testClass = pl.com.ww.mesh.atlas.ApplicationTests, locations = [], classes = [pl.com.ww.mesh.atlas.Application], contextInitializerClasses = [], activeProfiles = [], propertySourceDescriptors = [], propertySourceProperties = ["org.springframework.boot.test.context.SpringBootTestContextBootstrapper=true"], contextCustomizers = [org.springframework.boot.web.server.context.SpringBootTestRandomPortContextCustomizer@346a361, org.springframework.boot.test.context.PropertyMappingContextCustomizer@0, org.springframework.boot.test.context.filter.ExcludeFilterContextCustomizer@42b64ab8, org.springframework.boot.test.json.DuplicateJsonObjectContextCustomizerFactory$DuplicateJsonObjectContextCustomizer@235f4c10, org.springframework.boot.test.autoconfigure.OnFailureConditionReportContextCustomizerFactory$OnFailureConditionReportContextCustomizer@2c1b9e4b, org.springframework.test.context.support.DynamicPropertiesContextCustomizer@0, org.springframework.boot.test.context.SpringBootTestAnnotation@6ae586af], resourceBasePath = "src/main/webapp", contextLoader = org.springframework.boot.test.context.SpringBootContextLoader, parent = null]
	at org.springframework.test.context.cache.DefaultCacheAwareContextLoaderDelegate.lambda$loadContext$0(DefaultCacheAwareContextLoaderDelegate.java:195) ~[spring-test-7.0.7.jar:7.0.7]
	at org.springframework.test.context.cache.DefaultContextCache.put(DefaultContextCache.java:214) ~[spring-test-7.0.7.jar:7.0.7]
	at org.springframework.test.context.cache.DefaultCacheAwareContextLoaderDelegate.loadContext(DefaultCacheAwareContextLoaderDelegate.java:160) ~[spring-test-7.0.7.jar:7.0.7]
	at org.springframework.test.context.support.DefaultTestContext.getApplicationContext(DefaultTestContext.java:128) ~[spring-test-7.0.7.jar:7.0.7]
	at org.springframework.test.context.web.ServletTestExecutionListener.setUpRequestContextIfNecessary(ServletTestExecutionListener.java:200) ~[spring-test-7.0.7.jar:7.0.7]
	at org.springframework.test.context.web.ServletTestExecutionListener.prepareTestInstance(ServletTestExecutionListener.java:139) ~[spring-test-7.0.7.jar:7.0.7]
	at org.springframework.test.context.TestContextManager.prepareTestInstance(TestContextManager.java:260) ~[spring-test-7.0.7.jar:7.0.7]
	at org.springframework.test.context.junit.jupiter.SpringExtension.postProcessTestInstance(SpringExtension.java:242) ~[spring-test-7.0.7.jar:7.0.7]
	at org.junit.jupiter.engine.descriptor.ClassBasedTestDescriptor.lambda$invokeTestInstancePostProcessors$1(ClassBasedTestDescriptor.java:423) ~[junit-jupiter-engine-6.0.3.jar:6.0.3]
	at org.junit.jupiter.engine.descriptor.ClassBasedTestDescriptor.executeAndMaskThrowable(ClassBasedTestDescriptor.java:428) ~[junit-jupiter-engine-6.0.3.jar:6.0.3]
	at org.junit.jupiter.engine.descriptor.ClassBasedTestDescriptor.lambda$invokeTestInstancePostProcessors$0(ClassBasedTestDescriptor.java:422) ~[junit-jupiter-engine-6.0.3.jar:6.0.3]
	at java.base/java.util.stream.ForEachOps$ForEachOp$OfRef.accept(ForEachOps.java:184) ~[na:na]
	at java.base/java.util.stream.ReferencePipeline$3$1.accept(ReferencePipeline.java:197) ~[na:na]
	at java.base/java.util.stream.ReferencePipeline$2$1.accept(ReferencePipeline.java:179) ~[na:na]
	at java.base/java.util.stream.ReferencePipeline$3$1.accept(ReferencePipeline.java:197) ~[na:na]
	at java.base/java.util.ArrayList$ArrayListSpliterator.forEachRemaining(ArrayList.java:1708) ~[na:na]
	at java.base/java.util.stream.AbstractPipeline.copyInto(AbstractPipeline.java:509) ~[na:na]
	at java.base/java.util.stream.AbstractPipeline.wrapAndCopyInto(AbstractPipeline.java:499) ~[na:na]
	at java.base/java.util.stream.ForEachOps$ForEachOp.evaluateSequential(ForEachOps.java:151) ~[na:na]
	at java.base/java.util.stream.ForEachOps$ForEachOp$OfRef.evaluateSequential(ForEachOps.java:174) ~[na:na]
	at java.base/java.util.stream.AbstractPipeline.evaluate(AbstractPipeline.java:234) ~[na:na]
	at java.base/java.util.stream.ReferencePipeline.forEach(ReferencePipeline.java:596) ~[na:na]
	at org.junit.jupiter.engine.descriptor.ClassBasedTestDescriptor.invokeTestInstancePostProcessors(ClassBasedTestDescriptor.java:422) ~[junit-jupiter-engine-6.0.3.jar:6.0.3]
	at org.junit.jupiter.engine.descriptor.ClassBasedTestDescriptor.lambda$instantiateAndPostProcessTestInstance$0(ClassBasedTestDescriptor.java:334) ~[junit-jupiter-engine-6.0.3.jar:6.0.3]
	at org.junit.platform.engine.support.hierarchical.ThrowableCollector.execute(ThrowableCollector.java:74) ~[junit-platform-engine-6.0.3.jar:6.0.3]
	at org.junit.jupiter.engine.descriptor.ClassBasedTestDescriptor.instantiateAndPostProcessTestInstance(ClassBasedTestDescriptor.java:333) ~[junit-jupiter-engine-6.0.3.jar:6.0.3]
	at org.junit.jupiter.engine.descriptor.ClassBasedTestDescriptor.lambda$testInstancesProvider$1(ClassBasedTestDescriptor.java:322) ~[junit-jupiter-engine-6.0.3.jar:6.0.3]
	at java.base/java.util.Optional.orElseGet(Optional.java:364) ~[na:na]
	at org.junit.jupiter.engine.descriptor.ClassBasedTestDescriptor.lambda$testInstancesProvider$0(ClassBasedTestDescriptor.java:321) ~[junit-jupiter-engine-6.0.3.jar:6.0.3]
	at org.junit.jupiter.engine.execution.TestInstancesProvider.getTestInstances(TestInstancesProvider.java:27) ~[junit-jupiter-engine-6.0.3.jar:6.0.3]
	at org.junit.jupiter.engine.descriptor.TestMethodTestDescriptor.lambda$prepare$0(TestMethodTestDescriptor.java:127) ~[junit-jupiter-engine-6.0.3.jar:6.0.3]
	at org.junit.platform.engine.support.hierarchical.ThrowableCollector.execute(ThrowableCollector.java:74) ~[junit-platform-engine-6.0.3.jar:6.0.3]
	at org.junit.jupiter.engine.descriptor.TestMethodTestDescriptor.prepare(TestMethodTestDescriptor.java:126) ~[junit-jupiter-engine-6.0.3.jar:6.0.3]
	at org.junit.jupiter.engine.descriptor.TestMethodTestDescriptor.prepare(TestMethodTestDescriptor.java:70) ~[junit-jupiter-engine-6.0.3.jar:6.0.3]
	at org.junit.platform.engine.support.hierarchical.NodeTestTask.lambda$prepare$0(NodeTestTask.java:144) ~[junit-platform-engine-6.0.3.jar:6.0.3]
	at org.junit.platform.engine.support.hierarchical.ThrowableCollector.execute(ThrowableCollector.java:74) ~[junit-platform-engine-6.0.3.jar:6.0.3]
	at org.junit.platform.engine.support.hierarchical.NodeTestTask.prepare(NodeTestTask.java:144) ~[junit-platform-engine-6.0.3.jar:6.0.3]
	at org.junit.platform.engine.support.hierarchical.NodeTestTask.execute(NodeTestTask.java:110) ~[junit-platform-engine-6.0.3.jar:6.0.3]
	at java.base/java.util.ArrayList.forEach(ArrayList.java:1596) ~[na:na]
	at org.junit.platform.engine.support.hierarchical.SameThreadHierarchicalTestExecutorService.invokeAll(SameThreadHierarchicalTestExecutorService.java:42) ~[junit-platform-engine-6.0.3.jar:6.0.3]
	at org.junit.platform.engine.support.hierarchical.NodeTestTask.lambda$executeRecursively$2(NodeTestTask.java:180) ~[junit-platform-engine-6.0.3.jar:6.0.3]
	at org.junit.platform.engine.support.hierarchical.ThrowableCollector.execute(ThrowableCollector.java:74) ~[junit-platform-engine-6.0.3.jar:6.0.3]
	at org.junit.platform.engine.support.hierarchical.NodeTestTask.lambda$executeRecursively$1(NodeTestTask.java:166) ~[junit-platform-engine-6.0.3.jar:6.0.3]
	at org.junit.platform.engine.support.hierarchical.Node.around(Node.java:138) ~[junit-platform-engine-6.0.3.jar:6.0.3]
	at org.junit.platform.engine.support.hierarchical.NodeTestTask.lambda$executeRecursively$0(NodeTestTask.java:164) ~[junit-platform-engine-6.0.3.jar:6.0.3]
	at org.junit.platform.engine.support.hierarchical.ThrowableCollector.execute(ThrowableCollector.java:74) ~[junit-platform-engine-6.0.3.jar:6.0.3]
	at org.junit.platform.engine.support.hierarchical.NodeTestTask.executeRecursively(NodeTestTask.java:163) ~[junit-platform-engine-6.0.3.jar:6.0.3]
	at org.junit.platform.engine.support.hierarchical.NodeTestTask.execute(NodeTestTask.java:116) ~[junit-platform-engine-6.0.3.jar:6.0.3]
	at java.base/java.util.ArrayList.forEach(ArrayList.java:1596) ~[na:na]
	at org.junit.platform.engine.support.hierarchical.SameThreadHierarchicalTestExecutorService.invokeAll(SameThreadHierarchicalTestExecutorService.java:42) ~[junit-platform-engine-6.0.3.jar:6.0.3]
	at org.junit.platform.engine.support.hierarchical.NodeTestTask.lambda$executeRecursively$2(NodeTestTask.java:180) ~[junit-platform-engine-6.0.3.jar:6.0.3]
	at org.junit.platform.engine.support.hierarchical.ThrowableCollector.execute(ThrowableCollector.java:74) ~[junit-platform-engine-6.0.3.jar:6.0.3]
	at org.junit.platform.engine.support.hierarchical.NodeTestTask.lambda$executeRecursively$1(NodeTestTask.java:166) ~[junit-platform-engine-6.0.3.jar:6.0.3]
	at org.junit.platform.engine.support.hierarchical.Node.around(Node.java:138) ~[junit-platform-engine-6.0.3.jar:6.0.3]
	at org.junit.platform.engine.support.hierarchical.NodeTestTask.lambda$executeRecursively$0(NodeTestTask.java:164) ~[junit-platform-engine-6.0.3.jar:6.0.3]
	at org.junit.platform.engine.support.hierarchical.ThrowableCollector.execute(ThrowableCollector.java:74) ~[junit-platform-engine-6.0.3.jar:6.0.3]
	at org.junit.platform.engine.support.hierarchical.NodeTestTask.executeRecursively(NodeTestTask.java:163) ~[junit-platform-engine-6.0.3.jar:6.0.3]
	at org.junit.platform.engine.support.hierarchical.NodeTestTask.execute(NodeTestTask.java:116) ~[junit-platform-engine-6.0.3.jar:6.0.3]
	at org.junit.platform.engine.support.hierarchical.SameThreadHierarchicalTestExecutorService.submit(SameThreadHierarchicalTestExecutorService.java:36) ~[junit-platform-engine-6.0.3.jar:6.0.3]
	at org.junit.platform.engine.support.hierarchical.HierarchicalTestExecutor.execute(HierarchicalTestExecutor.java:52) ~[junit-platform-engine-6.0.3.jar:6.0.3]
	at org.junit.platform.engine.support.hierarchical.HierarchicalTestEngine.execute(HierarchicalTestEngine.java:58) ~[junit-platform-engine-6.0.3.jar:6.0.3]
	at org.junit.platform.launcher.core.EngineExecutionOrchestrator.executeEngine(EngineExecutionOrchestrator.java:246) ~[junit-platform-launcher-6.0.3.jar:6.0.3]
	at org.junit.platform.launcher.core.EngineExecutionOrchestrator.failOrExecuteEngine(EngineExecutionOrchestrator.java:218) ~[junit-platform-launcher-6.0.3.jar:6.0.3]
	at org.junit.platform.launcher.core.EngineExecutionOrchestrator.execute(EngineExecutionOrchestrator.java:179) ~[junit-platform-launcher-6.0.3.jar:6.0.3]
	at org.junit.platform.launcher.core.EngineExecutionOrchestrator.execute(EngineExecutionOrchestrator.java:108) ~[junit-platform-launcher-6.0.3.jar:6.0.3]
	at org.junit.platform.launcher.core.EngineExecutionOrchestrator.lambda$execute$0(EngineExecutionOrchestrator.java:66) ~[junit-platform-launcher-6.0.3.jar:6.0.3]
	at org.junit.platform.launcher.core.EngineExecutionOrchestrator.withInterceptedStreams(EngineExecutionOrchestrator.java:157) ~[junit-platform-launcher-6.0.3.jar:6.0.3]
	at org.junit.platform.launcher.core.EngineExecutionOrchestrator.execute(EngineExecutionOrchestrator.java:65) ~[junit-platform-launcher-6.0.3.jar:6.0.3]
	at org.junit.platform.launcher.core.DefaultLauncher.execute(DefaultLauncher.java:125) ~[junit-platform-launcher-6.0.3.jar:6.0.3]
	at org.junit.platform.launcher.core.DefaultLauncher.execute(DefaultLauncher.java:114) ~[junit-platform-launcher-6.0.3.jar:6.0.3]
	at org.junit.platform.launcher.core.DelegatingLauncher.execute(DelegatingLauncher.java:58) ~[junit-platform-launcher-6.0.3.jar:6.0.3]
	at org.junit.platform.launcher.core.InterceptingLauncher.lambda$execute$2(InterceptingLauncher.java:57) ~[junit-platform-launcher-6.0.3.jar:6.0.3]
	at org.junit.platform.launcher.core.ClasspathAlignmentCheckingLauncherInterceptor.intercept(ClasspathAlignmentCheckingLauncherInterceptor.java:25) ~[junit-platform-launcher-6.0.3.jar:6.0.3]
	at org.junit.platform.launcher.core.InterceptingLauncher.execute(InterceptingLauncher.java:56) ~[junit-platform-launcher-6.0.3.jar:6.0.3]
	at org.junit.platform.launcher.core.DelegatingLauncher.execute(DelegatingLauncher.java:58) ~[junit-platform-launcher-6.0.3.jar:6.0.3]
	at java.base/jdk.internal.reflect.DirectMethodHandleAccessor.invoke(DirectMethodHandleAccessor.java:103) ~[na:na]
	at java.base/java.lang.reflect.Method.invoke(Method.java:580) ~[na:na]
	at org.apache.maven.surefire.api.util.ReflectionUtils.invokeMethodWithArray(ReflectionUtils.java:125) ~[surefire-api-3.5.5.jar:3.5.5]
	at org.apache.maven.surefire.junitplatform.LauncherAdapter.executeWithCancellationToken(LauncherAdapter.java:68) ~[surefire-junit-platform-3.5.5.jar:3.5.5]
	at org.apache.maven.surefire.junitplatform.LauncherAdapter.execute(LauncherAdapter.java:54) ~[surefire-junit-platform-3.5.5.jar:3.5.5]
	at org.apache.maven.surefire.junitplatform.JUnitPlatformProvider.execute(JUnitPlatformProvider.java:203) ~[surefire-junit-platform-3.5.5.jar:3.5.5]
	at org.apache.maven.surefire.junitplatform.JUnitPlatformProvider.invokeAllTests(JUnitPlatformProvider.java:168) ~[surefire-junit-platform-3.5.5.jar:3.5.5]
	at org.apache.maven.surefire.junitplatform.JUnitPlatformProvider.invoke(JUnitPlatformProvider.java:136) ~[surefire-junit-platform-3.5.5.jar:3.5.5]
	at org.apache.maven.surefire.booter.ForkedBooter.runSuitesInProcess(ForkedBooter.java:385) ~[surefire-booter-3.5.5.jar:3.5.5]
	at org.apache.maven.surefire.booter.ForkedBooter.execute(ForkedBooter.java:162) ~[surefire-booter-3.5.5.jar:3.5.5]
	at org.apache.maven.surefire.booter.ForkedBooter.run(ForkedBooter.java:507) ~[surefire-booter-3.5.5.jar:3.5.5]
	at org.apache.maven.surefire.booter.ForkedBooter.main(ForkedBooter.java:495) ~[surefire-booter-3.5.5.jar:3.5.5]
Caused by: org.springframework.beans.factory.UnsatisfiedDependencyException: Error creating bean with name 'org.springframework.boot.webmvc.autoconfigure.WebMvcAutoConfiguration$EnableWebMvcConfiguration': Unsatisfied dependency expressed through method 'setConfigurers' parameter 0: Error creating bean with name 'hypermediaWebMvcConfigurer' defined in class path resource [org/springframework/hateoas/config/WebMvcHateoasConfiguration.class]: Unsatisfied dependency expressed through method 'hypermediaWebMvcConfigurer' parameter 0: Error creating bean with name 'hypermediaWebMvcConverters' defined in class path resource [org/springframework/hateoas/config/HateoasConfiguration.class]: Failed to instantiate [org.springframework.hateoas.config.WebConverters]: Factory method 'hypermediaWebMvcConverters' threw exception with message: Error creating bean with name 'jacksonJsonMapper' defined in class path resource [org/springframework/boot/jackson/autoconfigure/JacksonAutoConfiguration.class]: Unsatisfied dependency expressed through method 'jacksonJsonMapper' parameter 0: Error creating bean with name 'jsonMapperBuilder' defined in class path resource [org/springframework/boot/jackson/autoconfigure/JacksonAutoConfiguration.class]: Unsatisfied dependency expressed through method 'jsonMapperBuilder' parameter 0: Error creating bean with name 'standardJsonMapperBuilderCustomizer' defined in class path resource [org/springframework/boot/jackson/autoconfigure/JacksonAutoConfiguration$JacksonJsonMapperBuilderCustomizerConfiguration.class]: Unsatisfied dependency expressed through method 'standardJsonMapperBuilderCustomizer' parameter 0: Error creating bean with name 'spring.jackson-org.springframework.boot.jackson.autoconfigure.JacksonProperties': Could not bind properties to 'JacksonProperties' : prefix=spring.jackson, ignoreInvalidFields=false, ignoreUnknownFields=true
	at org.springframework.beans.factory.annotation.AutowiredAnnotationBeanPostProcessor$AutowiredMethodElement.resolveMethodArguments(AutowiredAnnotationBeanPostProcessor.java:872) ~[spring-beans-7.0.7.jar:7.0.7]
	at org.springframework.beans.factory.annotation.AutowiredAnnotationBeanPostProcessor$AutowiredMethodElement.inject(AutowiredAnnotationBeanPostProcessor.java:827) ~[spring-beans-7.0.7.jar:7.0.7]
	at org.springframework.beans.factory.annotation.InjectionMetadata.inject(InjectionMetadata.java:146) ~[spring-beans-7.0.7.jar:7.0.7]
	at org.springframework.beans.factory.annotation.AutowiredAnnotationBeanPostProcessor.postProcessProperties(AutowiredAnnotationBeanPostProcessor.java:493) ~[spring-beans-7.0.7.jar:7.0.7]
	at org.springframework.beans.factory.support.AbstractAutowireCapableBeanFactory.populateBean(AbstractAutowireCapableBeanFactory.java:1446) ~[spring-beans-7.0.7.jar:7.0.7]
	at org.springframework.beans.factory.support.AbstractAutowireCapableBeanFactory.doCreateBean(AbstractAutowireCapableBeanFactory.java:602) ~[spring-beans-7.0.7.jar:7.0.7]
	at org.springframework.beans.factory.support.AbstractAutowireCapableBeanFactory.createBean(AbstractAutowireCapableBeanFactory.java:525) ~[spring-beans-7.0.7.jar:7.0.7]
	at org.springframework.beans.factory.support.AbstractBeanFactory.lambda$doGetBean$0(AbstractBeanFactory.java:333) ~[spring-beans-7.0.7.jar:7.0.7]
	at org.springframework.beans.factory.support.DefaultSingletonBeanRegistry.getSingleton(DefaultSingletonBeanRegistry.java:371) ~[spring-beans-7.0.7.jar:7.0.7]
	at org.springframework.beans.factory.support.AbstractBeanFactory.doGetBean(AbstractBeanFactory.java:331) ~[spring-beans-7.0.7.jar:7.0.7]
	at org.springframework.beans.factory.support.AbstractBeanFactory.getBean(AbstractBeanFactory.java:196) ~[spring-beans-7.0.7.jar:7.0.7]
	at org.springframework.beans.factory.support.DefaultListableBeanFactory.instantiateSingleton(DefaultListableBeanFactory.java:1218) ~[spring-beans-7.0.7.jar:7.0.7]
	at org.springframework.beans.factory.support.DefaultListableBeanFactory.preInstantiateSingleton(DefaultListableBeanFactory.java:1184) ~[spring-beans-7.0.7.jar:7.0.7]
	at org.springframework.beans.factory.support.DefaultListableBeanFactory.preInstantiateSingletons(DefaultListableBeanFactory.java:1121) ~[spring-beans-7.0.7.jar:7.0.7]
	at org.springframework.context.support.AbstractApplicationContext.finishBeanFactoryInitialization(AbstractApplicationContext.java:994) ~[spring-context-7.0.7.jar:7.0.7]
	at org.springframework.context.support.AbstractApplicationContext.refresh(AbstractApplicationContext.java:621) ~[spring-context-7.0.7.jar:7.0.7]
	at org.springframework.boot.SpringApplication.refresh(SpringApplication.java:756) ~[spring-boot-4.0.6.jar:4.0.6]
	at org.springframework.boot.SpringApplication.refreshContext(SpringApplication.java:445) ~[spring-boot-4.0.6.jar:4.0.6]
	at org.springframework.boot.SpringApplication.run(SpringApplication.java:321) ~[spring-boot-4.0.6.jar:4.0.6]
	at org.springframework.boot.test.context.SpringBootContextLoader.lambda$loadContext$2(SpringBootContextLoader.java:155) ~[spring-boot-test-4.0.6.jar:4.0.6]
	at org.springframework.util.function.ThrowingSupplier.get(ThrowingSupplier.java:58) ~[spring-core-7.0.7.jar:7.0.7]
	at org.springframework.util.function.ThrowingSupplier.get(ThrowingSupplier.java:46) ~[spring-core-7.0.7.jar:7.0.7]
	at org.springframework.boot.SpringApplication.withHook(SpringApplication.java:1465) ~[spring-boot-4.0.6.jar:4.0.6]
	at org.springframework.boot.test.context.SpringBootContextLoader$ContextLoaderHook.run(SpringBootContextLoader.java:600) ~[spring-boot-test-4.0.6.jar:4.0.6]
	at org.springframework.boot.test.context.SpringBootContextLoader.loadContext(SpringBootContextLoader.java:155) ~[spring-boot-test-4.0.6.jar:4.0.6]
	at org.springframework.boot.test.context.SpringBootContextLoader.loadContext(SpringBootContextLoader.java:114) ~[spring-boot-test-4.0.6.jar:4.0.6]
	at org.springframework.test.context.cache.DefaultCacheAwareContextLoaderDelegate.loadContextInternal(DefaultCacheAwareContextLoaderDelegate.java:247) ~[spring-test-7.0.7.jar:7.0.7]
	at org.springframework.test.context.cache.DefaultCacheAwareContextLoaderDelegate.lambda$loadContext$0(DefaultCacheAwareContextLoaderDelegate.java:167) ~[spring-test-7.0.7.jar:7.0.7]
	... 86 common frames omitted
Caused by: org.springframework.beans.factory.UnsatisfiedDependencyException: Error creating bean with name 'hypermediaWebMvcConfigurer' defined in class path resource [org/springframework/hateoas/config/WebMvcHateoasConfiguration.class]: Unsatisfied dependency expressed through method 'hypermediaWebMvcConfigurer' parameter 0: Error creating bean with name 'hypermediaWebMvcConverters' defined in class path resource [org/springframework/hateoas/config/HateoasConfiguration.class]: Failed to instantiate [org.springframework.hateoas.config.WebConverters]: Factory method 'hypermediaWebMvcConverters' threw exception with message: Error creating bean with name 'jacksonJsonMapper' defined in class path resource [org/springframework/boot/jackson/autoconfigure/JacksonAutoConfiguration.class]: Unsatisfied dependency expressed through method 'jacksonJsonMapper' parameter 0: Error creating bean with name 'jsonMapperBuilder' defined in class path resource [org/springframework/boot/jackson/autoconfigure/JacksonAutoConfiguration.class]: Unsatisfied dependency expressed through method 'jsonMapperBuilder' parameter 0: Error creating bean with name 'standardJsonMapperBuilderCustomizer' defined in class path resource [org/springframework/boot/jackson/autoconfigure/JacksonAutoConfiguration$JacksonJsonMapperBuilderCustomizerConfiguration.class]: Unsatisfied dependency expressed through method 'standardJsonMapperBuilderCustomizer' parameter 0: Error creating bean with name 'spring.jackson-org.springframework.boot.jackson.autoconfigure.JacksonProperties': Could not bind properties to 'JacksonProperties' : prefix=spring.jackson, ignoreInvalidFields=false, ignoreUnknownFields=true
	at org.springframework.beans.factory.support.ConstructorResolver.createArgumentArray(ConstructorResolver.java:804) ~[spring-beans-7.0.7.jar:7.0.7]
	at org.springframework.beans.factory.support.ConstructorResolver.instantiateUsingFactoryMethod(ConstructorResolver.java:546) ~[spring-beans-7.0.7.jar:7.0.7]
	at org.springframework.beans.factory.support.AbstractAutowireCapableBeanFactory.instantiateUsingFactoryMethod(AbstractAutowireCapableBeanFactory.java:1362) ~[spring-beans-7.0.7.jar:7.0.7]
	at org.springframework.beans.factory.support.AbstractAutowireCapableBeanFactory.createBeanInstance(AbstractAutowireCapableBeanFactory.java:1194) ~[spring-beans-7.0.7.jar:7.0.7]
	at org.springframework.beans.factory.support.AbstractAutowireCapableBeanFactory.doCreateBean(AbstractAutowireCapableBeanFactory.java:565) ~[spring-beans-7.0.7.jar:7.0.7]
	at org.springframework.beans.factory.support.AbstractAutowireCapableBeanFactory.createBean(AbstractAutowireCapableBeanFactory.java:525) ~[spring-beans-7.0.7.jar:7.0.7]
	at org.springframework.beans.factory.support.AbstractBeanFactory.lambda$doGetBean$0(AbstractBeanFactory.java:333) ~[spring-beans-7.0.7.jar:7.0.7]
	at org.springframework.beans.factory.support.DefaultSingletonBeanRegistry.getSingleton(DefaultSingletonBeanRegistry.java:371) ~[spring-beans-7.0.7.jar:7.0.7]
	at org.springframework.beans.factory.support.AbstractBeanFactory.doGetBean(AbstractBeanFactory.java:331) ~[spring-beans-7.0.7.jar:7.0.7]
	at org.springframework.beans.factory.support.AbstractBeanFactory.getBean(AbstractBeanFactory.java:201) ~[spring-beans-7.0.7.jar:7.0.7]
	at org.springframework.beans.factory.config.DependencyDescriptor.resolveCandidate(DependencyDescriptor.java:229) ~[spring-beans-7.0.7.jar:7.0.7]
	at org.springframework.beans.factory.support.DefaultListableBeanFactory.addCandidateEntry(DefaultListableBeanFactory.java:2008) ~[spring-beans-7.0.7.jar:7.0.7]
	at org.springframework.beans.factory.support.DefaultListableBeanFactory.findAutowireCandidates(DefaultListableBeanFactory.java:1971) ~[spring-beans-7.0.7.jar:7.0.7]
	at org.springframework.beans.factory.support.DefaultListableBeanFactory.resolveMultipleBeanCollection(DefaultListableBeanFactory.java:1863) ~[spring-beans-7.0.7.jar:7.0.7]
	at org.springframework.beans.factory.support.DefaultListableBeanFactory.resolveMultipleBeans(DefaultListableBeanFactory.java:1833) ~[spring-beans-7.0.7.jar:7.0.7]
	at org.springframework.beans.factory.support.DefaultListableBeanFactory.doResolveDependency(DefaultListableBeanFactory.java:1711) ~[spring-beans-7.0.7.jar:7.0.7]
	at org.springframework.beans.factory.support.DefaultListableBeanFactory.resolveDependency(DefaultListableBeanFactory.java:1651) ~[spring-beans-7.0.7.jar:7.0.7]
	at org.springframework.beans.factory.annotation.AutowiredAnnotationBeanPostProcessor$AutowiredMethodElement.resolveMethodArguments(AutowiredAnnotationBeanPostProcessor.java:864) ~[spring-beans-7.0.7.jar:7.0.7]
	... 113 common frames omitted
Caused by: org.springframework.beans.factory.BeanCreationException: Error creating bean with name 'hypermediaWebMvcConverters' defined in class path resource [org/springframework/hateoas/config/HateoasConfiguration.class]: Failed to instantiate [org.springframework.hateoas.config.WebConverters]: Factory method 'hypermediaWebMvcConverters' threw exception with message: Error creating bean with name 'jacksonJsonMapper' defined in class path resource [org/springframework/boot/jackson/autoconfigure/JacksonAutoConfiguration.class]: Unsatisfied dependency expressed through method 'jacksonJsonMapper' parameter 0: Error creating bean with name 'jsonMapperBuilder' defined in class path resource [org/springframework/boot/jackson/autoconfigure/JacksonAutoConfiguration.class]: Unsatisfied dependency expressed through method 'jsonMapperBuilder' parameter 0: Error creating bean with name 'standardJsonMapperBuilderCustomizer' defined in class path resource [org/springframework/boot/jackson/autoconfigure/JacksonAutoConfiguration$JacksonJsonMapperBuilderCustomizerConfiguration.class]: Unsatisfied dependency expressed through method 'standardJsonMapperBuilderCustomizer' parameter 0: Error creating bean with name 'spring.jackson-org.springframework.boot.jackson.autoconfigure.JacksonProperties': Could not bind properties to 'JacksonProperties' : prefix=spring.jackson, ignoreInvalidFields=false, ignoreUnknownFields=true
	at org.springframework.beans.factory.support.ConstructorResolver.instantiate(ConstructorResolver.java:657) ~[spring-beans-7.0.7.jar:7.0.7]
	at org.springframework.beans.factory.support.ConstructorResolver.instantiateUsingFactoryMethod(ConstructorResolver.java:645) ~[spring-beans-7.0.7.jar:7.0.7]
	at org.springframework.beans.factory.support.AbstractAutowireCapableBeanFactory.instantiateUsingFactoryMethod(AbstractAutowireCapableBeanFactory.java:1362) ~[spring-beans-7.0.7.jar:7.0.7]
	at org.springframework.beans.factory.support.AbstractAutowireCapableBeanFactory.createBeanInstance(AbstractAutowireCapableBeanFactory.java:1194) ~[spring-beans-7.0.7.jar:7.0.7]
	at org.springframework.beans.factory.support.AbstractAutowireCapableBeanFactory.doCreateBean(AbstractAutowireCapableBeanFactory.java:565) ~[spring-beans-7.0.7.jar:7.0.7]
	at org.springframework.beans.factory.support.AbstractAutowireCapableBeanFactory.createBean(AbstractAutowireCapableBeanFactory.java:525) ~[spring-beans-7.0.7.jar:7.0.7]
	at org.springframework.beans.factory.support.AbstractBeanFactory.lambda$doGetBean$0(AbstractBeanFactory.java:333) ~[spring-beans-7.0.7.jar:7.0.7]
	at org.springframework.beans.factory.support.DefaultSingletonBeanRegistry.getSingleton(DefaultSingletonBeanRegistry.java:371) ~[spring-beans-7.0.7.jar:7.0.7]
	at org.springframework.beans.factory.support.AbstractBeanFactory.doGetBean(AbstractBeanFactory.java:331) ~[spring-beans-7.0.7.jar:7.0.7]
	at org.springframework.beans.factory.support.AbstractBeanFactory.getBean(AbstractBeanFactory.java:201) ~[spring-beans-7.0.7.jar:7.0.7]
	at org.springframework.beans.factory.config.DependencyDescriptor.resolveCandidate(DependencyDescriptor.java:229) ~[spring-beans-7.0.7.jar:7.0.7]
	at org.springframework.beans.factory.support.DefaultListableBeanFactory.doResolveDependency(DefaultListableBeanFactory.java:1762) ~[spring-beans-7.0.7.jar:7.0.7]
	at org.springframework.beans.factory.support.DefaultListableBeanFactory.resolveDependency(DefaultListableBeanFactory.java:1651) ~[spring-beans-7.0.7.jar:7.0.7]
	at org.springframework.beans.factory.support.ConstructorResolver.resolveAutowiredArgument(ConstructorResolver.java:912) ~[spring-beans-7.0.7.jar:7.0.7]
	at org.springframework.beans.factory.support.ConstructorResolver.createArgumentArray(ConstructorResolver.java:791) ~[spring-beans-7.0.7.jar:7.0.7]
	... 130 common frames omitted
Caused by: org.springframework.beans.BeanInstantiationException: Failed to instantiate [org.springframework.hateoas.config.WebConverters]: Factory method 'hypermediaWebMvcConverters' threw exception with message: Error creating bean with name 'jacksonJsonMapper' defined in class path resource [org/springframework/boot/jackson/autoconfigure/JacksonAutoConfiguration.class]: Unsatisfied dependency expressed through method 'jacksonJsonMapper' parameter 0: Error creating bean with name 'jsonMapperBuilder' defined in class path resource [org/springframework/boot/jackson/autoconfigure/JacksonAutoConfiguration.class]: Unsatisfied dependency expressed through method 'jsonMapperBuilder' parameter 0: Error creating bean with name 'standardJsonMapperBuilderCustomizer' defined in class path resource [org/springframework/boot/jackson/autoconfigure/JacksonAutoConfiguration$JacksonJsonMapperBuilderCustomizerConfiguration.class]: Unsatisfied dependency expressed through method 'standardJsonMapperBuilderCustomizer' parameter 0: Error creating bean with name 'spring.jackson-org.springframework.boot.jackson.autoconfigure.JacksonProperties': Could not bind properties to 'JacksonProperties' : prefix=spring.jackson, ignoreInvalidFields=false, ignoreUnknownFields=true
	at org.springframework.beans.factory.support.SimpleInstantiationStrategy.lambda$instantiate$0(SimpleInstantiationStrategy.java:183) ~[spring-beans-7.0.7.jar:7.0.7]
	at org.springframework.beans.factory.support.SimpleInstantiationStrategy.instantiateWithFactoryMethod(SimpleInstantiationStrategy.java:72) ~[spring-beans-7.0.7.jar:7.0.7]
	at org.springframework.beans.factory.support.SimpleInstantiationStrategy.instantiate(SimpleInstantiationStrategy.java:152) ~[spring-beans-7.0.7.jar:7.0.7]
	at org.springframework.beans.factory.support.ConstructorResolver.instantiate(ConstructorResolver.java:653) ~[spring-beans-7.0.7.jar:7.0.7]
	... 144 common frames omitted
Caused by: org.springframework.beans.factory.UnsatisfiedDependencyException: Error creating bean with name 'jacksonJsonMapper' defined in class path resource [org/springframework/boot/jackson/autoconfigure/JacksonAutoConfiguration.class]: Unsatisfied dependency expressed through method 'jacksonJsonMapper' parameter 0: Error creating bean with name 'jsonMapperBuilder' defined in class path resource [org/springframework/boot/jackson/autoconfigure/JacksonAutoConfiguration.class]: Unsatisfied dependency expressed through method 'jsonMapperBuilder' parameter 0: Error creating bean with name 'standardJsonMapperBuilderCustomizer' defined in class path resource [org/springframework/boot/jackson/autoconfigure/JacksonAutoConfiguration$JacksonJsonMapperBuilderCustomizerConfiguration.class]: Unsatisfied dependency expressed through method 'standardJsonMapperBuilderCustomizer' parameter 0: Error creating bean with name 'spring.jackson-org.springframework.boot.jackson.autoconfigure.JacksonProperties': Could not bind properties to 'JacksonProperties' : prefix=spring.jackson, ignoreInvalidFields=false, ignoreUnknownFields=true
	at org.springframework.beans.factory.support.ConstructorResolver.createArgumentArray(ConstructorResolver.java:804) ~[spring-beans-7.0.7.jar:7.0.7]
	at org.springframework.beans.factory.support.ConstructorResolver.instantiateUsingFactoryMethod(ConstructorResolver.java:546) ~[spring-beans-7.0.7.jar:7.0.7]
	at org.springframework.beans.factory.support.AbstractAutowireCapableBeanFactory.instantiateUsingFactoryMethod(AbstractAutowireCapableBeanFactory.java:1362) ~[spring-beans-7.0.7.jar:7.0.7]
	at org.springframework.beans.factory.support.AbstractAutowireCapableBeanFactory.createBeanInstance(AbstractAutowireCapableBeanFactory.java:1194) ~[spring-beans-7.0.7.jar:7.0.7]
	at org.springframework.beans.factory.support.AbstractAutowireCapableBeanFactory.doCreateBean(AbstractAutowireCapableBeanFactory.java:565) ~[spring-beans-7.0.7.jar:7.0.7]
	at org.springframework.beans.factory.support.AbstractAutowireCapableBeanFactory.createBean(AbstractAutowireCapableBeanFactory.java:525) ~[spring-beans-7.0.7.jar:7.0.7]
	at org.springframework.beans.factory.support.AbstractBeanFactory.lambda$doGetBean$0(AbstractBeanFactory.java:333) ~[spring-beans-7.0.7.jar:7.0.7]
	at org.springframework.beans.factory.support.DefaultSingletonBeanRegistry.getSingleton(DefaultSingletonBeanRegistry.java:371) ~[spring-beans-7.0.7.jar:7.0.7]
	at org.springframework.beans.factory.support.AbstractBeanFactory.doGetBean(AbstractBeanFactory.java:331) ~[spring-beans-7.0.7.jar:7.0.7]
	at org.springframework.beans.factory.support.AbstractBeanFactory.getBean(AbstractBeanFactory.java:201) ~[spring-beans-7.0.7.jar:7.0.7]
	at org.springframework.beans.factory.config.DependencyDescriptor.resolveCandidate(DependencyDescriptor.java:229) ~[spring-beans-7.0.7.jar:7.0.7]
	at org.springframework.beans.factory.support.DefaultListableBeanFactory.doResolveDependency(DefaultListableBeanFactory.java:1762) ~[spring-beans-7.0.7.jar:7.0.7]
	at org.springframework.beans.factory.support.DefaultListableBeanFactory$DependencyObjectProvider.getIfUnique(DefaultListableBeanFactory.java:2611) ~[spring-beans-7.0.7.jar:7.0.7]
	at org.springframework.beans.factory.ObjectProvider.getIfUnique(ObjectProvider.java:194) ~[spring-beans-7.0.7.jar:7.0.7]
	at org.springframework.hateoas.config.HateoasConfiguration.hypermediaWebMvcConverters(HateoasConfiguration.java:85) ~[spring-hateoas-3.0.3.jar:3.0.3]
	at java.base/jdk.internal.reflect.DirectMethodHandleAccessor.invoke(DirectMethodHandleAccessor.java:103) ~[na:na]
	at java.base/java.lang.reflect.Method.invoke(Method.java:580) ~[na:na]
	at org.springframework.beans.factory.support.SimpleInstantiationStrategy.lambda$instantiate$0(SimpleInstantiationStrategy.java:155) ~[spring-beans-7.0.7.jar:7.0.7]
	... 147 common frames omitted
Caused by: org.springframework.beans.factory.UnsatisfiedDependencyException: Error creating bean with name 'jsonMapperBuilder' defined in class path resource [org/springframework/boot/jackson/autoconfigure/JacksonAutoConfiguration.class]: Unsatisfied dependency expressed through method 'jsonMapperBuilder' parameter 0: Error creating bean with name 'standardJsonMapperBuilderCustomizer' defined in class path resource [org/springframework/boot/jackson/autoconfigure/JacksonAutoConfiguration$JacksonJsonMapperBuilderCustomizerConfiguration.class]: Unsatisfied dependency expressed through method 'standardJsonMapperBuilderCustomizer' parameter 0: Error creating bean with name 'spring.jackson-org.springframework.boot.jackson.autoconfigure.JacksonProperties': Could not bind properties to 'JacksonProperties' : prefix=spring.jackson, ignoreInvalidFields=false, ignoreUnknownFields=true
	at org.springframework.beans.factory.support.ConstructorResolver.createArgumentArray(ConstructorResolver.java:804) ~[spring-beans-7.0.7.jar:7.0.7]
	at org.springframework.beans.factory.support.ConstructorResolver.instantiateUsingFactoryMethod(ConstructorResolver.java:546) ~[spring-beans-7.0.7.jar:7.0.7]
	at org.springframework.beans.factory.support.AbstractAutowireCapableBeanFactory.instantiateUsingFactoryMethod(AbstractAutowireCapableBeanFactory.java:1362) ~[spring-beans-7.0.7.jar:7.0.7]
	at org.springframework.beans.factory.support.AbstractAutowireCapableBeanFactory.createBeanInstance(AbstractAutowireCapableBeanFactory.java:1194) ~[spring-beans-7.0.7.jar:7.0.7]
	at org.springframework.beans.factory.support.AbstractAutowireCapableBeanFactory.doCreateBean(AbstractAutowireCapableBeanFactory.java:565) ~[spring-beans-7.0.7.jar:7.0.7]
	at org.springframework.beans.factory.support.AbstractAutowireCapableBeanFactory.createBean(AbstractAutowireCapableBeanFactory.java:525) ~[spring-beans-7.0.7.jar:7.0.7]
	at org.springframework.beans.factory.support.AbstractBeanFactory.doGetBean(AbstractBeanFactory.java:351) ~[spring-beans-7.0.7.jar:7.0.7]
	at org.springframework.beans.factory.support.AbstractBeanFactory.getBean(AbstractBeanFactory.java:201) ~[spring-beans-7.0.7.jar:7.0.7]
	at org.springframework.beans.factory.config.DependencyDescriptor.resolveCandidate(DependencyDescriptor.java:229) ~[spring-beans-7.0.7.jar:7.0.7]
	at org.springframework.beans.factory.support.DefaultListableBeanFactory.doResolveDependency(DefaultListableBeanFactory.java:1762) ~[spring-beans-7.0.7.jar:7.0.7]
	at org.springframework.beans.factory.support.DefaultListableBeanFactory.resolveDependency(DefaultListableBeanFactory.java:1651) ~[spring-beans-7.0.7.jar:7.0.7]
	at org.springframework.beans.factory.support.ConstructorResolver.resolveAutowiredArgument(ConstructorResolver.java:912) ~[spring-beans-7.0.7.jar:7.0.7]
	at org.springframework.beans.factory.support.ConstructorResolver.createArgumentArray(ConstructorResolver.java:791) ~[spring-beans-7.0.7.jar:7.0.7]
	... 164 common frames omitted
Caused by: org.springframework.beans.factory.UnsatisfiedDependencyException: Error creating bean with name 'standardJsonMapperBuilderCustomizer' defined in class path resource [org/springframework/boot/jackson/autoconfigure/JacksonAutoConfiguration$JacksonJsonMapperBuilderCustomizerConfiguration.class]: Unsatisfied dependency expressed through method 'standardJsonMapperBuilderCustomizer' parameter 0: Error creating bean with name 'spring.jackson-org.springframework.boot.jackson.autoconfigure.JacksonProperties': Could not bind properties to 'JacksonProperties' : prefix=spring.jackson, ignoreInvalidFields=false, ignoreUnknownFields=true
	at org.springframework.beans.factory.support.ConstructorResolver.createArgumentArray(ConstructorResolver.java:804) ~[spring-beans-7.0.7.jar:7.0.7]
	at org.springframework.beans.factory.support.ConstructorResolver.instantiateUsingFactoryMethod(ConstructorResolver.java:546) ~[spring-beans-7.0.7.jar:7.0.7]
	at org.springframework.beans.factory.support.AbstractAutowireCapableBeanFactory.instantiateUsingFactoryMethod(AbstractAutowireCapableBeanFactory.java:1362) ~[spring-beans-7.0.7.jar:7.0.7]
	at org.springframework.beans.factory.support.AbstractAutowireCapableBeanFactory.createBeanInstance(AbstractAutowireCapableBeanFactory.java:1194) ~[spring-beans-7.0.7.jar:7.0.7]
	at org.springframework.beans.factory.support.AbstractAutowireCapableBeanFactory.doCreateBean(AbstractAutowireCapableBeanFactory.java:565) ~[spring-beans-7.0.7.jar:7.0.7]
	at org.springframework.beans.factory.support.AbstractAutowireCapableBeanFactory.createBean(AbstractAutowireCapableBeanFactory.java:525) ~[spring-beans-7.0.7.jar:7.0.7]
	at org.springframework.beans.factory.support.AbstractBeanFactory.lambda$doGetBean$0(AbstractBeanFactory.java:333) ~[spring-beans-7.0.7.jar:7.0.7]
	at org.springframework.beans.factory.support.DefaultSingletonBeanRegistry.getSingleton(DefaultSingletonBeanRegistry.java:371) ~[spring-beans-7.0.7.jar:7.0.7]
	at org.springframework.beans.factory.support.AbstractBeanFactory.doGetBean(AbstractBeanFactory.java:331) ~[spring-beans-7.0.7.jar:7.0.7]
	at org.springframework.beans.factory.support.AbstractBeanFactory.getBean(AbstractBeanFactory.java:201) ~[spring-beans-7.0.7.jar:7.0.7]
	at org.springframework.beans.factory.config.DependencyDescriptor.resolveCandidate(DependencyDescriptor.java:229) ~[spring-beans-7.0.7.jar:7.0.7]
	at org.springframework.beans.factory.support.DefaultListableBeanFactory.addCandidateEntry(DefaultListableBeanFactory.java:2008) ~[spring-beans-7.0.7.jar:7.0.7]
	at org.springframework.beans.factory.support.DefaultListableBeanFactory.findAutowireCandidates(DefaultListableBeanFactory.java:1971) ~[spring-beans-7.0.7.jar:7.0.7]
	at org.springframework.beans.factory.support.DefaultListableBeanFactory.resolveMultipleBeanCollection(DefaultListableBeanFactory.java:1863) ~[spring-beans-7.0.7.jar:7.0.7]
	at org.springframework.beans.factory.support.DefaultListableBeanFactory.resolveMultipleBeans(DefaultListableBeanFactory.java:1833) ~[spring-beans-7.0.7.jar:7.0.7]
	at org.springframework.beans.factory.support.DefaultListableBeanFactory.doResolveDependency(DefaultListableBeanFactory.java:1711) ~[spring-beans-7.0.7.jar:7.0.7]
	at org.springframework.beans.factory.support.DefaultListableBeanFactory.resolveDependency(DefaultListableBeanFactory.java:1651) ~[spring-beans-7.0.7.jar:7.0.7]
	at org.springframework.beans.factory.support.ConstructorResolver.resolveAutowiredArgument(ConstructorResolver.java:912) ~[spring-beans-7.0.7.jar:7.0.7]
	at org.springframework.beans.factory.support.ConstructorResolver.createArgumentArray(ConstructorResolver.java:791) ~[spring-beans-7.0.7.jar:7.0.7]
	... 176 common frames omitted
Caused by: org.springframework.boot.context.properties.ConfigurationPropertiesBindException: Error creating bean with name 'spring.jackson-org.springframework.boot.jackson.autoconfigure.JacksonProperties': Could not bind properties to 'JacksonProperties' : prefix=spring.jackson, ignoreInvalidFields=false, ignoreUnknownFields=true
	at org.springframework.boot.context.properties.ConfigurationPropertiesBindingPostProcessor.bind(ConfigurationPropertiesBindingPostProcessor.java:104) ~[spring-boot-4.0.6.jar:4.0.6]
	at org.springframework.boot.context.properties.ConfigurationPropertiesBindingPostProcessor.postProcessBeforeInitialization(ConfigurationPropertiesBindingPostProcessor.java:84) ~[spring-boot-4.0.6.jar:4.0.6]
	at org.springframework.beans.factory.support.AbstractAutowireCapableBeanFactory.applyBeanPostProcessorsBeforeInitialization(AbstractAutowireCapableBeanFactory.java:426) ~[spring-beans-7.0.7.jar:7.0.7]
	at org.springframework.beans.factory.support.AbstractAutowireCapableBeanFactory.initializeBean(AbstractAutowireCapableBeanFactory.java:1809) ~[spring-beans-7.0.7.jar:7.0.7]
	at org.springframework.beans.factory.support.AbstractAutowireCapableBeanFactory.doCreateBean(AbstractAutowireCapableBeanFactory.java:603) ~[spring-beans-7.0.7.jar:7.0.7]
	at org.springframework.beans.factory.support.AbstractAutowireCapableBeanFactory.createBean(AbstractAutowireCapableBeanFactory.java:525) ~[spring-beans-7.0.7.jar:7.0.7]
	at org.springframework.beans.factory.support.AbstractBeanFactory.lambda$doGetBean$0(AbstractBeanFactory.java:333) ~[spring-beans-7.0.7.jar:7.0.7]
	at org.springframework.beans.factory.support.DefaultSingletonBeanRegistry.getSingleton(DefaultSingletonBeanRegistry.java:371) ~[spring-beans-7.0.7.jar:7.0.7]
	at org.springframework.beans.factory.support.AbstractBeanFactory.doGetBean(AbstractBeanFactory.java:331) ~[spring-beans-7.0.7.jar:7.0.7]
	at org.springframework.beans.factory.support.AbstractBeanFactory.getBean(AbstractBeanFactory.java:201) ~[spring-beans-7.0.7.jar:7.0.7]
	at org.springframework.beans.factory.config.DependencyDescriptor.resolveCandidate(DependencyDescriptor.java:229) ~[spring-beans-7.0.7.jar:7.0.7]
	at org.springframework.beans.factory.support.DefaultListableBeanFactory.doResolveDependency(DefaultListableBeanFactory.java:1762) ~[spring-beans-7.0.7.jar:7.0.7]
	at org.springframework.beans.factory.support.DefaultListableBeanFactory.resolveDependency(DefaultListableBeanFactory.java:1651) ~[spring-beans-7.0.7.jar:7.0.7]
	at org.springframework.beans.factory.support.ConstructorResolver.resolveAutowiredArgument(ConstructorResolver.java:912) ~[spring-beans-7.0.7.jar:7.0.7]
	at org.springframework.beans.factory.support.ConstructorResolver.createArgumentArray(ConstructorResolver.java:791) ~[spring-beans-7.0.7.jar:7.0.7]
	... 194 common frames omitted
Caused by: org.springframework.boot.context.properties.bind.BindException: Failed to bind properties under 'spring.jackson.deserialization' to java.util.Map<tools.jackson.databind.DeserializationFeature, java.lang.Boolean>
	at org.springframework.boot.context.properties.bind.Binder.handleBindError(Binder.java:418) ~[spring-boot-4.0.6.jar:4.0.6]
	at org.springframework.boot.context.properties.bind.Binder.bind(Binder.java:377) ~[spring-boot-4.0.6.jar:4.0.6]
	at org.springframework.boot.context.properties.bind.Binder.lambda$bindDataObject$0(Binder.java:505) ~[spring-boot-4.0.6.jar:4.0.6]
	at org.springframework.boot.context.properties.bind.JavaBeanBinder.bind(JavaBeanBinder.java:127) ~[spring-boot-4.0.6.jar:4.0.6]
	at org.springframework.boot.context.properties.bind.JavaBeanBinder.bind(JavaBeanBinder.java:115) ~[spring-boot-4.0.6.jar:4.0.6]
	at org.springframework.boot.context.properties.bind.JavaBeanBinder.bind(JavaBeanBinder.java:71) ~[spring-boot-4.0.6.jar:4.0.6]
	at org.springframework.boot.context.properties.bind.Binder.lambda$bindDataObject$2(Binder.java:508) ~[spring-boot-4.0.6.jar:4.0.6]
	at org.springframework.boot.context.properties.bind.Binder.fromDataObjectBinders(Binder.java:517) ~[spring-boot-4.0.6.jar:4.0.6]
	at org.springframework.boot.context.properties.bind.Binder.lambda$bindDataObject$1(Binder.java:507) ~[spring-boot-4.0.6.jar:4.0.6]
	at org.springframework.boot.context.properties.bind.Binder$Context.withIncreasedDepth(Binder.java:632) ~[spring-boot-4.0.6.jar:4.0.6]
	at org.springframework.boot.context.properties.bind.Binder$Context.withDataObject(Binder.java:618) ~[spring-boot-4.0.6.jar:4.0.6]
	at org.springframework.boot.context.properties.bind.Binder.bindDataObject(Binder.java:509) ~[spring-boot-4.0.6.jar:4.0.6]
	at org.springframework.boot.context.properties.bind.Binder.bindObject(Binder.java:445) ~[spring-boot-4.0.6.jar:4.0.6]
	at org.springframework.boot.context.properties.bind.Binder.bind(Binder.java:373) ~[spring-boot-4.0.6.jar:4.0.6]
	at org.springframework.boot.context.properties.bind.Binder.bind(Binder.java:360) ~[spring-boot-4.0.6.jar:4.0.6]
	at org.springframework.boot.context.properties.bind.Binder.bind(Binder.java:287) ~[spring-boot-4.0.6.jar:4.0.6]
	at org.springframework.boot.context.properties.bind.Binder.bind(Binder.java:274) ~[spring-boot-4.0.6.jar:4.0.6]
	at org.springframework.boot.context.properties.ConfigurationPropertiesBinder.bind(ConfigurationPropertiesBinder.java:96) ~[spring-boot-4.0.6.jar:4.0.6]
	at org.springframework.boot.context.properties.ConfigurationPropertiesBindingPostProcessor.bind(ConfigurationPropertiesBindingPostProcessor.java:101) ~[spring-boot-4.0.6.jar:4.0.6]
	... 208 common frames omitted
Caused by: org.springframework.core.convert.ConversionFailedException: Failed to convert from type [java.lang.String] to type [tools.jackson.databind.DeserializationFeature] for value [READ_UNKNOWN_ENUM_VALUES_AS_NULL]
	at org.springframework.core.convert.support.ConversionUtils.invokeConverter(ConversionUtils.java:47) ~[spring-core-7.0.7.jar:7.0.7]
	at org.springframework.core.convert.support.GenericConversionService.convert(GenericConversionService.java:181) ~[spring-core-7.0.7.jar:7.0.7]
	at org.springframework.boot.context.properties.bind.BindConverter.convert(BindConverter.java:113) ~[spring-boot-4.0.6.jar:4.0.6]
	at org.springframework.boot.context.properties.bind.BindConverter.convert(BindConverter.java:104) ~[spring-boot-4.0.6.jar:4.0.6]
	at org.springframework.boot.context.properties.bind.MapBinder$EntryBinder.bindEntries(MapBinder.java:184) ~[spring-boot-4.0.6.jar:4.0.6]
	at org.springframework.boot.context.properties.bind.MapBinder.bindAggregate(MapBinder.java:76) ~[spring-boot-4.0.6.jar:4.0.6]
	at org.springframework.boot.context.properties.bind.AggregateBinder.bind(AggregateBinder.java:59) ~[spring-boot-4.0.6.jar:4.0.6]
	at org.springframework.boot.context.properties.bind.Binder.lambda$bindAggregate$2(Binder.java:469) ~[spring-boot-4.0.6.jar:4.0.6]
	at org.springframework.boot.context.properties.bind.Binder$Context.withIncreasedDepth(Binder.java:632) ~[spring-boot-4.0.6.jar:4.0.6]
	at org.springframework.boot.context.properties.bind.Binder.bindAggregate(Binder.java:470) ~[spring-boot-4.0.6.jar:4.0.6]
	at org.springframework.boot.context.properties.bind.Binder.bindObject(Binder.java:430) ~[spring-boot-4.0.6.jar:4.0.6]
	at org.springframework.boot.context.properties.bind.Binder.bind(Binder.java:373) ~[spring-boot-4.0.6.jar:4.0.6]
	... 225 common frames omitted
Caused by: java.lang.IllegalArgumentException: No enum constant tools.jackson.databind.DeserializationFeature.READ_UNKNOWN_ENUM_VALUES_AS_NULL
	at org.springframework.boot.convert.LenientObjectToEnumConverterFactory$LenientToEnumConverter.findEnum(LenientObjectToEnumConverterFactory.java:95) ~[spring-boot-4.0.6.jar:4.0.6]
	at org.springframework.boot.convert.LenientObjectToEnumConverterFactory$LenientToEnumConverter.convert(LenientObjectToEnumConverterFactory.java:82) ~[spring-boot-4.0.6.jar:4.0.6]
	at org.springframework.boot.convert.LenientObjectToEnumConverterFactory$LenientToEnumConverter.convert(LenientObjectToEnumConverterFactory.java:63) ~[spring-boot-4.0.6.jar:4.0.6]
	at org.springframework.core.convert.support.GenericConversionService$ConverterFactoryAdapter.convert(GenericConversionService.java:407) ~[spring-core-7.0.7.jar:7.0.7]
	at org.springframework.core.convert.support.ConversionUtils.invokeConverter(ConversionUtils.java:41) ~[spring-core-7.0.7.jar:7.0.7]
	... 236 common frames omitted

2026-05-20T15:15:00.704+02:00  INFO 31424 --- [mesh.atlas] [main] pl.com.ww.mesh.atlas.ApplicationTests    : Starting ApplicationTests using Java 21 with PID 31424 (started by wwalc in C:\DEV\mesh-atlas\backend)
2026-05-20T15:15:00.705+02:00 DEBUG 31424 --- [mesh.atlas] [main] pl.com.ww.mesh.atlas.ApplicationTests    : Running with Spring Boot v4.0.6, Spring v7.0.7
2026-05-20T15:15:00.706+02:00  INFO 31424 --- [mesh.atlas] [main] pl.com.ww.mesh.atlas.ApplicationTests    : No active profile set, falling back to 1 default profile: "default"
2026-05-20T15:15:01.491+02:00  INFO 31424 --- [mesh.atlas] [main] .s.d.r.c.RepositoryConfigurationDelegate : Bootstrapping Spring Data JPA repositories in DEFAULT mode.
2026-05-20T15:15:01.519+02:00  INFO 31424 --- [mesh.atlas] [main] .s.d.r.c.RepositoryConfigurationDelegate : Finished Spring Data repository scanning in 15 ms. Found 0 JPA repository interfaces.
2026-05-20T15:15:02.026+02:00  INFO 31424 --- [mesh.atlas] [main] com.zaxxer.hikari.HikariDataSource       : HikariPool-1 - Starting...
2026-05-20T15:15:02.323+02:00  INFO 31424 --- [mesh.atlas] [main] com.zaxxer.hikari.pool.HikariPool        : HikariPool-1 - Added connection conn0: url=jdbc:h2:mem:testdb user=ATLAS
2026-05-20T15:15:02.326+02:00  INFO 31424 --- [mesh.atlas] [main] com.zaxxer.hikari.HikariDataSource       : HikariPool-1 - Start completed.
2026-05-20T15:15:02.408+02:00  INFO 31424 --- [mesh.atlas] [main] org.hibernate.orm.jpa                    : HHH008540: Processing PersistenceUnitInfo [name: default]
2026-05-20T15:15:02.528+02:00  INFO 31424 --- [mesh.atlas] [main] org.hibernate.orm.core                   : HHH000001: Hibernate ORM core version 7.2.12.Final
2026-05-20T15:15:03.025+02:00  INFO 31424 --- [mesh.atlas] [main] o.s.o.j.p.SpringPersistenceUnitInfo      : No LoadTimeWeaver setup: ignoring JPA class transformer
2026-05-20T15:15:03.070+02:00  WARN 31424 --- [mesh.atlas] [main] org.hibernate.orm.core                   : HHH000511: The 2.4.240 version for [org.hibernate.dialect.PostgreSQLDialect] is no longer supported, hence certain features may not work properly.The minimum supported version is 13.0.0. Check the community dialects project for available legacy versions.
2026-05-20T15:15:03.073+02:00  WARN 31424 --- [mesh.atlas] [main] org.hibernate.orm.deprecation            : HHH90000025: PostgreSQLDialect does not need to be specified explicitly using 'hibernate.dialect' (remove the property setting and it will be selected by default)
2026-05-20T15:15:03.090+02:00  INFO 31424 --- [mesh.atlas] [main] org.hibernate.orm.connections.pooling    : HHH10001005: Database info:
	Database JDBC URL [jdbc:h2:mem:testdb]
	Database driver: H2 JDBC Driver
	Database dialect: PostgreSQLDialect
	Database version: 2.4.240
	Default catalog/schema: TESTDB/PUBLIC
	Autocommit mode: undefined/unknown
	Isolation level: READ_COMMITTED [default READ_COMMITTED]
	JDBC fetch size: 100
	Pool: DataSourceConnectionProvider
	Minimum pool size: undefined/unknown
	Maximum pool size: undefined/unknown
2026-05-20T15:15:03.583+02:00  INFO 31424 --- [mesh.atlas] [main] org.hibernate.orm.core                   : HHH000489: No JTA platform available (set 'hibernate.transaction.jta.platform' to enable JTA platform integration)
2026-05-20T15:15:03.591+02:00  INFO 31424 --- [mesh.atlas] [main] j.LocalContainerEntityManagerFactoryBean : Initialized JPA EntityManagerFactory for persistence unit 'default'
2026-05-20T15:15:05.112+02:00 DEBUG 31424 --- [mesh.atlas] [main] swordEncoderAuthenticationManagerBuilder : No authenticationProviders and no parentAuthenticationManager defined. Returning null.
2026-05-20T15:15:05.318+02:00 DEBUG 31424 --- [mesh.atlas] [main] o.s.s.web.DefaultSecurityFilterChain     : Will secure any request with filters: DisableEncodeUrlFilter, WebAsyncManagerIntegrationFilter, SecurityContextHolderFilter, HeaderWriterFilter, CsrfFilter, LogoutFilter, UsernamePasswordAuthenticationFilter, DefaultResourcesFilter, DefaultLoginPageGeneratingFilter, DefaultLogoutPageGeneratingFilter, BasicAuthenticationFilter, RequestCacheAwareFilter, SecurityContextHolderAwareRequestFilter, AnonymousAuthenticationFilter, ExceptionTranslationFilter, AuthorizationFilter
2026-05-20T15:15:05.469+02:00  INFO 31424 --- [mesh.atlas] [main] pl.com.ww.mesh.atlas.ApplicationTests    : Started ApplicationTests in 5.212 seconds (process running for 6.383)
2026-05-20T15:15:06.184+02:00  INFO 31424 --- [mesh.atlas] [SpringApplicationShutdownHook] j.LocalContainerEntityManagerFactoryBean : Closing JPA EntityManagerFactory for persistence unit 'default'
2026-05-20T15:15:06.187+02:00  INFO 31424 --- [mesh.atlas] [SpringApplicationShutdownHook] com.zaxxer.hikari.HikariDataSource       : HikariPool-1 - Shutdown initiated...
2026-05-20T15:15:06.189+02:00  INFO 31424 --- [mesh.atlas] [SpringApplicationShutdownHook] com.zaxxer.hikari.HikariDataSource       : HikariPool-1 - Shutdown completed.
2026-05-20T15:50:21.794+02:00  INFO 6200 --- [mesh.atlas] [main] pl.com.ww.mesh.atlas.ApplicationTests    : Starting ApplicationTests using Java 21 with PID 6200 (started by wwalc in C:\DEV\mesh-atlas\backend)
2026-05-20T15:50:21.796+02:00 DEBUG 6200 --- [mesh.atlas] [main] pl.com.ww.mesh.atlas.ApplicationTests    : Running with Spring Boot v4.0.6, Spring v7.0.7
2026-05-20T15:50:21.797+02:00  INFO 6200 --- [mesh.atlas] [main] pl.com.ww.mesh.atlas.ApplicationTests    : No active profile set, falling back to 1 default profile: "default"
2026-05-20T15:50:22.660+02:00  INFO 6200 --- [mesh.atlas] [main] .s.d.r.c.RepositoryConfigurationDelegate : Bootstrapping Spring Data JPA repositories in DEFAULT mode.
2026-05-20T15:50:22.695+02:00  INFO 6200 --- [mesh.atlas] [main] .s.d.r.c.RepositoryConfigurationDelegate : Finished Spring Data repository scanning in 24 ms. Found 0 JPA repository interfaces.
2026-05-20T15:50:23.324+02:00  INFO 6200 --- [mesh.atlas] [main] com.zaxxer.hikari.HikariDataSource       : HikariPool-1 - Starting...
2026-05-20T15:50:23.642+02:00  INFO 6200 --- [mesh.atlas] [main] com.zaxxer.hikari.pool.HikariPool        : HikariPool-1 - Added connection conn0: url=jdbc:h2:mem:testdb user=ATLAS
2026-05-20T15:50:23.645+02:00  INFO 6200 --- [mesh.atlas] [main] com.zaxxer.hikari.HikariDataSource       : HikariPool-1 - Start completed.
2026-05-20T15:50:23.694+02:00  INFO 6200 --- [mesh.atlas] [main] org.hibernate.orm.jpa                    : HHH008540: Processing PersistenceUnitInfo [name: default]
2026-05-20T15:50:23.788+02:00  INFO 6200 --- [mesh.atlas] [main] org.hibernate.orm.core                   : HHH000001: Hibernate ORM core version 7.2.12.Final
2026-05-20T15:50:24.300+02:00  INFO 6200 --- [mesh.atlas] [main] o.s.o.j.p.SpringPersistenceUnitInfo      : No LoadTimeWeaver setup: ignoring JPA class transformer
2026-05-20T15:50:24.360+02:00  WARN 6200 --- [mesh.atlas] [main] org.hibernate.orm.core                   : HHH000511: The 2.4.240 version for [org.hibernate.dialect.PostgreSQLDialect] is no longer supported, hence certain features may not work properly.The minimum supported version is 13.0.0. Check the community dialects project for available legacy versions.
2026-05-20T15:50:24.364+02:00  WARN 6200 --- [mesh.atlas] [main] org.hibernate.orm.deprecation            : HHH90000025: PostgreSQLDialect does not need to be specified explicitly using 'hibernate.dialect' (remove the property setting and it will be selected by default)
2026-05-20T15:50:24.381+02:00  INFO 6200 --- [mesh.atlas] [main] org.hibernate.orm.connections.pooling    : HHH10001005: Database info:
	Database JDBC URL [jdbc:h2:mem:testdb]
	Database driver: H2 JDBC Driver
	Database dialect: PostgreSQLDialect
	Database version: 2.4.240
	Default catalog/schema: TESTDB/PUBLIC
	Autocommit mode: undefined/unknown
	Isolation level: READ_COMMITTED [default READ_COMMITTED]
	JDBC fetch size: 100
	Pool: DataSourceConnectionProvider
	Minimum pool size: undefined/unknown
	Maximum pool size: undefined/unknown
2026-05-20T15:50:25.101+02:00  INFO 6200 --- [mesh.atlas] [main] org.hibernate.orm.core                   : HHH000489: No JTA platform available (set 'hibernate.transaction.jta.platform' to enable JTA platform integration)
2026-05-20T15:50:25.113+02:00  INFO 6200 --- [mesh.atlas] [main] j.LocalContainerEntityManagerFactoryBean : Initialized JPA EntityManagerFactory for persistence unit 'default'
2026-05-20T15:50:25.658+02:00 DEBUG 6200 --- [mesh.atlas] [main] swordEncoderAuthenticationManagerBuilder : No authenticationProviders and no parentAuthenticationManager defined. Returning null.
2026-05-20T15:50:26.151+02:00 DEBUG 6200 --- [mesh.atlas] [main] o.s.s.web.DefaultSecurityFilterChain     : Will secure any request with filters: DisableEncodeUrlFilter, WebAsyncManagerIntegrationFilter, SecurityContextHolderFilter, HeaderWriterFilter, LogoutFilter, OAuth2ProtectedResourceMetadataFilter, BearerTokenAuthenticationFilter, AuthenticationFilter, RequestCacheAwareFilter, SecurityContextHolderAwareRequestFilter, AnonymousAuthenticationFilter, SessionManagementFilter, ExceptionTranslationFilter, AuthorizationFilter
2026-05-20T15:50:26.849+02:00  INFO 6200 --- [mesh.atlas] [main] pl.com.ww.mesh.atlas.ApplicationTests    : Started ApplicationTests in 5.579 seconds (process running for 7.11)
2026-05-20T15:50:27.428+02:00  INFO 6200 --- [mesh.atlas] [SpringApplicationShutdownHook] j.LocalContainerEntityManagerFactoryBean : Closing JPA EntityManagerFactory for persistence unit 'default'
2026-05-20T15:50:27.442+02:00  INFO 6200 --- [mesh.atlas] [SpringApplicationShutdownHook] com.zaxxer.hikari.HikariDataSource       : HikariPool-1 - Shutdown initiated...
2026-05-20T15:50:27.448+02:00  INFO 6200 --- [mesh.atlas] [SpringApplicationShutdownHook] com.zaxxer.hikari.HikariDataSource       : HikariPool-1 - Shutdown completed.
