2026-05-20T14:45:41.340+02:00  INFO 37460 --- [mesh.atlas] [restartedMain] pl.com.ww.mesh.atlas.Application         : Starting Application using Java 21 with PID 37460 (C:\DEV\mesh-atlas\backend\target\classes started by wwalc in C:\DEV\mesh-atlas)
2026-05-20T14:45:41.343+02:00 DEBUG 37460 --- [mesh.atlas] [restartedMain] pl.com.ww.mesh.atlas.Application         : Running with Spring Boot v4.0.6, Spring v7.0.7
2026-05-20T14:45:41.343+02:00  INFO 37460 --- [mesh.atlas] [restartedMain] pl.com.ww.mesh.atlas.Application         : The following 1 profile is active: "dev"
2026-05-20T14:45:41.390+02:00  INFO 37460 --- [mesh.atlas] [restartedMain] .e.DevToolsPropertyDefaultsPostProcessor : Devtools property defaults active! Set 'spring.devtools.add-properties' to 'false' to disable
2026-05-20T14:45:41.847+02:00  INFO 37460 --- [mesh.atlas] [restartedMain] .s.d.r.c.RepositoryConfigurationDelegate : Bootstrapping Spring Data JPA repositories in DEFAULT mode.
2026-05-20T14:45:41.868+02:00  INFO 37460 --- [mesh.atlas] [restartedMain] .s.d.r.c.RepositoryConfigurationDelegate : Finished Spring Data repository scanning in 11 ms. Found 0 JPA repository interfaces.
2026-05-20T14:45:42.439+02:00  INFO 37460 --- [mesh.atlas] [restartedMain] com.zaxxer.hikari.HikariDataSource       : HikariPool-1 - Starting...
2026-05-20T14:45:42.638+02:00  INFO 37460 --- [mesh.atlas] [restartedMain] com.zaxxer.hikari.pool.HikariPool        : HikariPool-1 - Added connection org.postgresql.jdbc.PgConnection@2e81d112
2026-05-20T14:45:42.639+02:00  INFO 37460 --- [mesh.atlas] [restartedMain] com.zaxxer.hikari.HikariDataSource       : HikariPool-1 - Start completed.
2026-05-20T14:45:42.668+02:00  INFO 37460 --- [mesh.atlas] [restartedMain] org.flywaydb.core.FlywayExecutor         : Database: jdbc:postgresql://postgresql.ww.local:5432/atlas (PostgreSQL 16.0)
2026-05-20T14:45:42.702+02:00  INFO 37460 --- [mesh.atlas] [restartedMain] o.f.c.i.s.JdbcTableSchemaHistory         : Schema history table "atlas"."flyway_schema_history" does not exist yet
2026-05-20T14:45:42.704+02:00  INFO 37460 --- [mesh.atlas] [restartedMain] o.f.core.internal.command.DbValidate     : Successfully validated 0 migrations (execution time 00:00.009s)
2026-05-20T14:45:42.705+02:00  WARN 37460 --- [mesh.atlas] [restartedMain] o.f.core.internal.command.DbValidate     : No migrations found. Are your locations set up correctly?
2026-05-20T14:45:42.713+02:00  INFO 37460 --- [mesh.atlas] [restartedMain] org.flywaydb.core.Flyway                 : All configured schemas are empty; baseline operation skipped. A baseline or migration script with a lower version than the baseline version may execute if available. Check the Schemas parameter if this is not intended.
2026-05-20T14:45:42.717+02:00  INFO 37460 --- [mesh.atlas] [restartedMain] o.f.c.i.s.JdbcTableSchemaHistory         : Creating Schema History table "atlas"."flyway_schema_history" ...
2026-05-20T14:45:42.818+02:00  INFO 37460 --- [mesh.atlas] [restartedMain] o.f.core.internal.command.DbMigrate      : Current version of schema "atlas": << Empty Schema >>
2026-05-20T14:45:42.823+02:00  INFO 37460 --- [mesh.atlas] [restartedMain] o.f.core.internal.command.DbMigrate      : Schema "atlas" is up to date. No migration necessary.
2026-05-20T14:45:42.929+02:00  INFO 37460 --- [mesh.atlas] [restartedMain] org.hibernate.orm.jpa                    : HHH008540: Processing PersistenceUnitInfo [name: default]
2026-05-20T14:45:42.999+02:00  INFO 37460 --- [mesh.atlas] [restartedMain] org.hibernate.orm.core                   : HHH000001: Hibernate ORM core version 7.2.12.Final
2026-05-20T14:45:43.560+02:00  INFO 37460 --- [mesh.atlas] [restartedMain] o.s.o.j.p.SpringPersistenceUnitInfo      : No LoadTimeWeaver setup: ignoring JPA class transformer
2026-05-20T14:45:43.637+02:00  WARN 37460 --- [mesh.atlas] [restartedMain] org.hibernate.orm.deprecation            : HHH90000025: PostgreSQLDialect does not need to be specified explicitly using 'hibernate.dialect' (remove the property setting and it will be selected by default)
2026-05-20T14:45:43.658+02:00  INFO 37460 --- [mesh.atlas] [restartedMain] org.hibernate.orm.connections.pooling    : HHH10001005: Database info:
	Database JDBC URL [jdbc:postgresql://postgresql.ww.local:5432/atlas]
	Database driver: PostgreSQL JDBC Driver
	Database dialect: PostgreSQLDialect
	Database version: 16.0
	Default catalog/schema: atlas/atlas
	Autocommit mode: undefined/unknown
	Isolation level: READ_COMMITTED [default READ_COMMITTED]
	JDBC fetch size: none
	Pool: DataSourceConnectionProvider
	Minimum pool size: undefined/unknown
	Maximum pool size: undefined/unknown
2026-05-20T14:45:44.118+02:00  INFO 37460 --- [mesh.atlas] [restartedMain] org.hibernate.orm.core                   : HHH000489: No JTA platform available (set 'hibernate.transaction.jta.platform' to enable JTA platform integration)
2026-05-20T14:45:44.127+02:00  INFO 37460 --- [mesh.atlas] [restartedMain] j.LocalContainerEntityManagerFactoryBean : Initialized JPA EntityManagerFactory for persistence unit 'default'
2026-05-20T14:45:44.295+02:00  INFO 37460 --- [mesh.atlas] [restartedMain] pl.com.ww.mesh.atlas.Application         : Started Application in 3.486 seconds (process running for 4.59)
2026-05-20T14:45:44.305+02:00  INFO 37460 --- [mesh.atlas] [SpringApplicationShutdownHook] j.LocalContainerEntityManagerFactoryBean : Closing JPA EntityManagerFactory for persistence unit 'default'
2026-05-20T14:45:44.308+02:00  INFO 37460 --- [mesh.atlas] [SpringApplicationShutdownHook] com.zaxxer.hikari.HikariDataSource       : HikariPool-1 - Shutdown initiated...
2026-05-20T14:45:44.310+02:00  INFO 37460 --- [mesh.atlas] [SpringApplicationShutdownHook] com.zaxxer.hikari.HikariDataSource       : HikariPool-1 - Shutdown completed.
2026-05-20T14:48:44.190+02:00  INFO 7876 --- [mesh.atlas] [restartedMain] pl.com.ww.mesh.atlas.Application         : Starting Application using Java 21 with PID 7876 (C:\DEV\mesh-atlas\backend\target\classes started by wwalc in C:\DEV\mesh-atlas)
2026-05-20T14:48:44.192+02:00 DEBUG 7876 --- [mesh.atlas] [restartedMain] pl.com.ww.mesh.atlas.Application         : Running with Spring Boot v4.0.6, Spring v7.0.7
2026-05-20T14:48:44.193+02:00  INFO 7876 --- [mesh.atlas] [restartedMain] pl.com.ww.mesh.atlas.Application         : The following 1 profile is active: "dev"
2026-05-20T14:48:44.238+02:00  INFO 7876 --- [mesh.atlas] [restartedMain] .e.DevToolsPropertyDefaultsPostProcessor : Devtools property defaults active! Set 'spring.devtools.add-properties' to 'false' to disable
2026-05-20T14:48:44.659+02:00  INFO 7876 --- [mesh.atlas] [restartedMain] .s.d.r.c.RepositoryConfigurationDelegate : Bootstrapping Spring Data JPA repositories in DEFAULT mode.
2026-05-20T14:48:44.681+02:00  INFO 7876 --- [mesh.atlas] [restartedMain] .s.d.r.c.RepositoryConfigurationDelegate : Finished Spring Data repository scanning in 11 ms. Found 0 JPA repository interfaces.
2026-05-20T14:48:45.206+02:00  INFO 7876 --- [mesh.atlas] [restartedMain] com.zaxxer.hikari.HikariDataSource       : HikariPool-1 - Starting...
2026-05-20T14:48:45.388+02:00  INFO 7876 --- [mesh.atlas] [restartedMain] com.zaxxer.hikari.pool.HikariPool        : HikariPool-1 - Added connection org.postgresql.jdbc.PgConnection@5d4b6be1
2026-05-20T14:48:45.390+02:00  INFO 7876 --- [mesh.atlas] [restartedMain] com.zaxxer.hikari.HikariDataSource       : HikariPool-1 - Start completed.
2026-05-20T14:48:45.415+02:00  INFO 7876 --- [mesh.atlas] [restartedMain] org.flywaydb.core.FlywayExecutor         : Database: jdbc:postgresql://postgresql.ww.local:5432/atlas (PostgreSQL 16.0)
2026-05-20T14:48:45.449+02:00  INFO 7876 --- [mesh.atlas] [restartedMain] o.f.core.internal.command.DbValidate     : Successfully validated 0 migrations (execution time 00:00.013s)
2026-05-20T14:48:45.450+02:00  WARN 7876 --- [mesh.atlas] [restartedMain] o.f.core.internal.command.DbValidate     : No migrations found. Are your locations set up correctly?
2026-05-20T14:48:45.516+02:00  INFO 7876 --- [mesh.atlas] [restartedMain] o.f.core.internal.command.DbMigrate      : Current version of schema "atlas": << Empty Schema >>
2026-05-20T14:48:45.520+02:00  INFO 7876 --- [mesh.atlas] [restartedMain] o.f.core.internal.command.DbMigrate      : Schema "atlas" is up to date. No migration necessary.
2026-05-20T14:48:45.605+02:00  INFO 7876 --- [mesh.atlas] [restartedMain] org.hibernate.orm.jpa                    : HHH008540: Processing PersistenceUnitInfo [name: default]
2026-05-20T14:48:45.659+02:00  INFO 7876 --- [mesh.atlas] [restartedMain] org.hibernate.orm.core                   : HHH000001: Hibernate ORM core version 7.2.12.Final
2026-05-20T14:48:46.132+02:00  INFO 7876 --- [mesh.atlas] [restartedMain] o.s.o.j.p.SpringPersistenceUnitInfo      : No LoadTimeWeaver setup: ignoring JPA class transformer
2026-05-20T14:48:46.187+02:00  WARN 7876 --- [mesh.atlas] [restartedMain] org.hibernate.orm.deprecation            : HHH90000025: PostgreSQLDialect does not need to be specified explicitly using 'hibernate.dialect' (remove the property setting and it will be selected by default)
2026-05-20T14:48:46.206+02:00  INFO 7876 --- [mesh.atlas] [restartedMain] org.hibernate.orm.connections.pooling    : HHH10001005: Database info:
	Database JDBC URL [jdbc:postgresql://postgresql.ww.local:5432/atlas]
	Database driver: PostgreSQL JDBC Driver
	Database dialect: PostgreSQLDialect
	Database version: 16.0
	Default catalog/schema: atlas/atlas
	Autocommit mode: undefined/unknown
	Isolation level: READ_COMMITTED [default READ_COMMITTED]
	JDBC fetch size: none
	Pool: DataSourceConnectionProvider
	Minimum pool size: undefined/unknown
	Maximum pool size: undefined/unknown
2026-05-20T14:48:46.609+02:00  INFO 7876 --- [mesh.atlas] [restartedMain] org.hibernate.orm.core                   : HHH000489: No JTA platform available (set 'hibernate.transaction.jta.platform' to enable JTA platform integration)
2026-05-20T14:48:46.617+02:00  INFO 7876 --- [mesh.atlas] [restartedMain] j.LocalContainerEntityManagerFactoryBean : Initialized JPA EntityManagerFactory for persistence unit 'default'
2026-05-20T14:48:46.786+02:00  INFO 7876 --- [mesh.atlas] [restartedMain] pl.com.ww.mesh.atlas.Application         : Started Application in 3.087 seconds (process running for 3.821)
2026-05-20T14:48:46.794+02:00  INFO 7876 --- [mesh.atlas] [SpringApplicationShutdownHook] j.LocalContainerEntityManagerFactoryBean : Closing JPA EntityManagerFactory for persistence unit 'default'
2026-05-20T14:48:46.797+02:00  INFO 7876 --- [mesh.atlas] [SpringApplicationShutdownHook] com.zaxxer.hikari.HikariDataSource       : HikariPool-1 - Shutdown initiated...
2026-05-20T14:48:46.799+02:00  INFO 7876 --- [mesh.atlas] [SpringApplicationShutdownHook] com.zaxxer.hikari.HikariDataSource       : HikariPool-1 - Shutdown completed.
2026-05-20T15:15:25.131+02:00  INFO 25404 --- [mesh.atlas] [restartedMain] pl.com.ww.mesh.atlas.Application         : Starting Application using Java 21 with PID 25404 (C:\DEV\mesh-atlas\backend\target\classes started by wwalc in C:\DEV\mesh-atlas)
2026-05-20T15:15:25.134+02:00 DEBUG 25404 --- [mesh.atlas] [restartedMain] pl.com.ww.mesh.atlas.Application         : Running with Spring Boot v4.0.6, Spring v7.0.7
2026-05-20T15:15:25.134+02:00  INFO 25404 --- [mesh.atlas] [restartedMain] pl.com.ww.mesh.atlas.Application         : The following 1 profile is active: "dev"
2026-05-20T15:15:25.187+02:00  INFO 25404 --- [mesh.atlas] [restartedMain] .e.DevToolsPropertyDefaultsPostProcessor : Devtools property defaults active! Set 'spring.devtools.add-properties' to 'false' to disable
2026-05-20T15:15:25.187+02:00  INFO 25404 --- [mesh.atlas] [restartedMain] .e.DevToolsPropertyDefaultsPostProcessor : For additional web related logging consider setting the 'logging.level.web' property to 'DEBUG'
2026-05-20T15:15:25.866+02:00  INFO 25404 --- [mesh.atlas] [restartedMain] .s.d.r.c.RepositoryConfigurationDelegate : Bootstrapping Spring Data JPA repositories in DEFAULT mode.
2026-05-20T15:15:25.884+02:00  INFO 25404 --- [mesh.atlas] [restartedMain] .s.d.r.c.RepositoryConfigurationDelegate : Finished Spring Data repository scanning in 10 ms. Found 0 JPA repository interfaces.
2026-05-20T15:15:26.442+02:00  INFO 25404 --- [mesh.atlas] [restartedMain] o.s.boot.tomcat.TomcatWebServer          : Tomcat initialized with port 8888 (https)
2026-05-20T15:15:26.459+02:00  INFO 25404 --- [mesh.atlas] [restartedMain] o.apache.catalina.core.StandardService   : Starting service [Tomcat]
2026-05-20T15:15:26.460+02:00  INFO 25404 --- [mesh.atlas] [restartedMain] o.apache.catalina.core.StandardEngine    : Starting Servlet engine: [Apache Tomcat/11.0.21]
2026-05-20T15:15:26.507+02:00  INFO 25404 --- [mesh.atlas] [restartedMain] b.w.c.s.WebApplicationContextInitializer : Root WebApplicationContext: initialization completed in 1319 ms
2026-05-20T15:15:26.923+02:00  INFO 25404 --- [mesh.atlas] [restartedMain] com.zaxxer.hikari.HikariDataSource       : HikariPool-1 - Starting...
2026-05-20T15:15:27.098+02:00  INFO 25404 --- [mesh.atlas] [restartedMain] com.zaxxer.hikari.pool.HikariPool        : HikariPool-1 - Added connection org.postgresql.jdbc.PgConnection@6e46d2d6
2026-05-20T15:15:27.099+02:00  INFO 25404 --- [mesh.atlas] [restartedMain] com.zaxxer.hikari.HikariDataSource       : HikariPool-1 - Start completed.
2026-05-20T15:15:27.124+02:00  INFO 25404 --- [mesh.atlas] [restartedMain] org.flywaydb.core.FlywayExecutor         : Database: jdbc:postgresql://postgresql.ww.local:5432/atlas (PostgreSQL 16.0)
2026-05-20T15:15:27.166+02:00  INFO 25404 --- [mesh.atlas] [restartedMain] o.f.core.internal.command.DbValidate     : Successfully validated 0 migrations (execution time 00:00.016s)
2026-05-20T15:15:27.167+02:00  WARN 25404 --- [mesh.atlas] [restartedMain] o.f.core.internal.command.DbValidate     : No migrations found. Are your locations set up correctly?
2026-05-20T15:15:27.240+02:00  INFO 25404 --- [mesh.atlas] [restartedMain] o.f.core.internal.command.DbMigrate      : Current version of schema "atlas": << Empty Schema >>
2026-05-20T15:15:27.245+02:00  INFO 25404 --- [mesh.atlas] [restartedMain] o.f.core.internal.command.DbMigrate      : Schema "atlas" is up to date. No migration necessary.
2026-05-20T15:15:27.338+02:00  INFO 25404 --- [mesh.atlas] [restartedMain] org.hibernate.orm.jpa                    : HHH008540: Processing PersistenceUnitInfo [name: default]
2026-05-20T15:15:27.399+02:00  INFO 25404 --- [mesh.atlas] [restartedMain] org.hibernate.orm.core                   : HHH000001: Hibernate ORM core version 7.2.12.Final
2026-05-20T15:15:27.892+02:00  INFO 25404 --- [mesh.atlas] [restartedMain] o.s.o.j.p.SpringPersistenceUnitInfo      : No LoadTimeWeaver setup: ignoring JPA class transformer
2026-05-20T15:15:27.949+02:00  WARN 25404 --- [mesh.atlas] [restartedMain] org.hibernate.orm.deprecation            : HHH90000025: PostgreSQLDialect does not need to be specified explicitly using 'hibernate.dialect' (remove the property setting and it will be selected by default)
2026-05-20T15:15:27.968+02:00  INFO 25404 --- [mesh.atlas] [restartedMain] org.hibernate.orm.connections.pooling    : HHH10001005: Database info:
	Database JDBC URL [jdbc:postgresql://postgresql.ww.local:5432/atlas]
	Database driver: PostgreSQL JDBC Driver
	Database dialect: PostgreSQLDialect
	Database version: 16.0
	Default catalog/schema: atlas/atlas
	Autocommit mode: undefined/unknown
	Isolation level: READ_COMMITTED [default READ_COMMITTED]
	JDBC fetch size: none
	Pool: DataSourceConnectionProvider
	Minimum pool size: undefined/unknown
	Maximum pool size: undefined/unknown
2026-05-20T15:15:28.432+02:00  INFO 25404 --- [mesh.atlas] [restartedMain] org.hibernate.orm.core                   : HHH000489: No JTA platform available (set 'hibernate.transaction.jta.platform' to enable JTA platform integration)
2026-05-20T15:15:28.453+02:00  INFO 25404 --- [mesh.atlas] [restartedMain] j.LocalContainerEntityManagerFactoryBean : Initialized JPA EntityManagerFactory for persistence unit 'default'
2026-05-20T15:15:29.296+02:00 DEBUG 25404 --- [mesh.atlas] [restartedMain] swordEncoderAuthenticationManagerBuilder : No authenticationProviders and no parentAuthenticationManager defined. Returning null.
2026-05-20T15:15:29.436+02:00 DEBUG 25404 --- [mesh.atlas] [restartedMain] o.s.s.web.DefaultSecurityFilterChain     : Will secure any request with filters: DisableEncodeUrlFilter, WebAsyncManagerIntegrationFilter, SecurityContextHolderFilter, HeaderWriterFilter, CsrfFilter, LogoutFilter, UsernamePasswordAuthenticationFilter, DefaultResourcesFilter, DefaultLoginPageGeneratingFilter, DefaultLogoutPageGeneratingFilter, BasicAuthenticationFilter, RequestCacheAwareFilter, SecurityContextHolderAwareRequestFilter, AnonymousAuthenticationFilter, ExceptionTranslationFilter, AuthorizationFilter
2026-05-20T15:15:29.659+02:00  INFO 25404 --- [mesh.atlas] [restartedMain] o.a.t.util.net.NioEndpoint.certificate   : Connector [https-jsse-nio-8888], TLS virtual host [_default_], certificate type [UNDEFINED] configured from keystore [Set directly - location unknown] using alias [atlas] with trust store [null]
2026-05-20T15:15:29.676+02:00  INFO 25404 --- [mesh.atlas] [restartedMain] o.s.boot.tomcat.TomcatWebServer          : Tomcat started on port 8888 (https) with context path '/atlas'
2026-05-20T15:15:29.685+02:00  INFO 25404 --- [mesh.atlas] [restartedMain] pl.com.ww.mesh.atlas.Application         : Started Application in 5.054 seconds (process running for 5.987)
2026-05-20T15:16:23.276+02:00  INFO 25404 --- [mesh.atlas] [https-jsse-nio-8888-exec-7] o.a.c.c.C.[Tomcat].[localhost].[/atlas]  : Initializing Spring DispatcherServlet 'dispatcherServlet'
2026-05-20T15:16:23.278+02:00  INFO 25404 --- [mesh.atlas] [https-jsse-nio-8888-exec-7] o.s.web.servlet.DispatcherServlet        : Initializing Servlet 'dispatcherServlet'
2026-05-20T15:16:23.282+02:00  INFO 25404 --- [mesh.atlas] [https-jsse-nio-8888-exec-7] o.s.web.servlet.DispatcherServlet        : Completed initialization in 4 ms
2026-05-20T15:16:23.307+02:00 DEBUG 25404 --- [mesh.atlas] [https-jsse-nio-8888-exec-7] o.s.security.web.FilterChainProxy        : Securing GET /hello/wojtek
2026-05-20T15:16:23.366+02:00 DEBUG 25404 --- [mesh.atlas] [https-jsse-nio-8888-exec-7] o.s.s.w.a.AnonymousAuthenticationFilter  : Set SecurityContextHolder to anonymous SecurityContext
2026-05-20T15:16:23.414+02:00 DEBUG 25404 --- [mesh.atlas] [https-jsse-nio-8888-exec-7] o.s.s.w.s.HttpSessionRequestCache        : Saved request https://atlas.ww.local:8888/atlas/hello/wojtek?continue to session
2026-05-20T15:16:23.414+02:00 DEBUG 25404 --- [mesh.atlas] [https-jsse-nio-8888-exec-7] s.w.a.DelegatingAuthenticationEntryPoint : Trying to match using And [Not [RequestHeaderRequestMatcher [expectedHeaderName=X-Requested-With, expectedHeaderValue=XMLHttpRequest]], MediaTypeRequestMatcher [contentNegotiationStrategy=org.springframework.web.accept.ContentNegotiationManager@6b9c5f91, matchingMediaTypes=[application/xhtml+xml, image/*, text/html, text/plain], useEquals=false, ignoredMediaTypes=[*/*]]]
2026-05-20T15:16:23.414+02:00 DEBUG 25404 --- [mesh.atlas] [https-jsse-nio-8888-exec-7] s.w.a.DelegatingAuthenticationEntryPoint : Match found! Executing org.springframework.security.web.authentication.LoginUrlAuthenticationEntryPoint@40427d38
2026-05-20T15:16:23.414+02:00 DEBUG 25404 --- [mesh.atlas] [https-jsse-nio-8888-exec-7] o.s.s.web.DefaultRedirectStrategy        : Redirecting to /atlas/login
2026-05-20T15:16:23.440+02:00 DEBUG 25404 --- [mesh.atlas] [https-jsse-nio-8888-exec-4] o.s.security.web.FilterChainProxy        : Securing GET /login
2026-05-20T15:16:23.515+02:00 DEBUG 25404 --- [mesh.atlas] [https-jsse-nio-8888-exec-6] o.s.security.web.FilterChainProxy        : Securing GET /default-ui.css
2026-05-20T15:17:39.254+02:00 DEBUG 25404 --- [mesh.atlas] [https-jsse-nio-8888-exec-14] o.s.security.web.FilterChainProxy        : Securing GET /hello/wojtek
2026-05-20T15:17:39.254+02:00 DEBUG 25404 --- [mesh.atlas] [https-jsse-nio-8888-exec-14] o.s.s.w.a.AnonymousAuthenticationFilter  : Set SecurityContextHolder to anonymous SecurityContext
2026-05-20T15:17:39.254+02:00 DEBUG 25404 --- [mesh.atlas] [https-jsse-nio-8888-exec-14] o.s.s.w.s.HttpSessionRequestCache        : Saved request https://atlas.ww.local:8888/atlas/hello/wojtek?continue to session
2026-05-20T15:17:39.254+02:00 DEBUG 25404 --- [mesh.atlas] [https-jsse-nio-8888-exec-14] s.w.a.DelegatingAuthenticationEntryPoint : Trying to match using And [Not [RequestHeaderRequestMatcher [expectedHeaderName=X-Requested-With, expectedHeaderValue=XMLHttpRequest]], MediaTypeRequestMatcher [contentNegotiationStrategy=org.springframework.web.accept.ContentNegotiationManager@6b9c5f91, matchingMediaTypes=[application/xhtml+xml, image/*, text/html, text/plain], useEquals=false, ignoredMediaTypes=[*/*]]]
2026-05-20T15:17:39.254+02:00 DEBUG 25404 --- [mesh.atlas] [https-jsse-nio-8888-exec-14] s.w.a.DelegatingAuthenticationEntryPoint : Match found! Executing org.springframework.security.web.authentication.LoginUrlAuthenticationEntryPoint@40427d38
2026-05-20T15:17:39.254+02:00 DEBUG 25404 --- [mesh.atlas] [https-jsse-nio-8888-exec-14] o.s.s.web.DefaultRedirectStrategy        : Redirecting to /atlas/login
2026-05-20T15:17:39.281+02:00 DEBUG 25404 --- [mesh.atlas] [https-jsse-nio-8888-exec-15] o.s.security.web.FilterChainProxy        : Securing GET /login
2026-05-20T15:17:39.374+02:00 DEBUG 25404 --- [mesh.atlas] [https-jsse-nio-8888-exec-19] o.s.security.web.FilterChainProxy        : Securing GET /default-ui.css
2026-05-20T15:20:02.759+02:00  INFO 25404 --- [mesh.atlas] [SpringApplicationShutdownHook] o.s.boot.tomcat.GracefulShutdown         : Commencing graceful shutdown. Waiting for active requests to complete
2026-05-20T15:20:02.767+02:00  INFO 25404 --- [mesh.atlas] [tomcat-shutdown] o.s.boot.tomcat.GracefulShutdown         : Graceful shutdown complete
2026-05-20T15:20:02.775+02:00  INFO 25404 --- [mesh.atlas] [SpringApplicationShutdownHook] j.LocalContainerEntityManagerFactoryBean : Closing JPA EntityManagerFactory for persistence unit 'default'
2026-05-20T15:20:02.778+02:00  INFO 25404 --- [mesh.atlas] [SpringApplicationShutdownHook] com.zaxxer.hikari.HikariDataSource       : HikariPool-1 - Shutdown initiated...
2026-05-20T15:20:02.781+02:00  INFO 25404 --- [mesh.atlas] [SpringApplicationShutdownHook] com.zaxxer.hikari.HikariDataSource       : HikariPool-1 - Shutdown completed.
2026-05-20T15:20:06.570+02:00  INFO 33028 --- [mesh.atlas] [restartedMain] pl.com.ww.mesh.atlas.Application         : Starting Application using Java 21 with PID 33028 (C:\DEV\mesh-atlas\backend\target\classes started by wwalc in C:\DEV\mesh-atlas)
2026-05-20T15:20:06.572+02:00 DEBUG 33028 --- [mesh.atlas] [restartedMain] pl.com.ww.mesh.atlas.Application         : Running with Spring Boot v4.0.6, Spring v7.0.7
2026-05-20T15:20:06.573+02:00  INFO 33028 --- [mesh.atlas] [restartedMain] pl.com.ww.mesh.atlas.Application         : The following 1 profile is active: "dev"
2026-05-20T15:20:06.623+02:00  INFO 33028 --- [mesh.atlas] [restartedMain] .e.DevToolsPropertyDefaultsPostProcessor : Devtools property defaults active! Set 'spring.devtools.add-properties' to 'false' to disable
2026-05-20T15:20:06.623+02:00  INFO 33028 --- [mesh.atlas] [restartedMain] .e.DevToolsPropertyDefaultsPostProcessor : For additional web related logging consider setting the 'logging.level.web' property to 'DEBUG'
2026-05-20T15:20:07.353+02:00  INFO 33028 --- [mesh.atlas] [restartedMain] .s.d.r.c.RepositoryConfigurationDelegate : Bootstrapping Spring Data JPA repositories in DEFAULT mode.
2026-05-20T15:20:07.372+02:00  INFO 33028 --- [mesh.atlas] [restartedMain] .s.d.r.c.RepositoryConfigurationDelegate : Finished Spring Data repository scanning in 11 ms. Found 0 JPA repository interfaces.
2026-05-20T15:20:07.982+02:00  INFO 33028 --- [mesh.atlas] [restartedMain] o.s.boot.tomcat.TomcatWebServer          : Tomcat initialized with port 8888 (https)
2026-05-20T15:20:07.998+02:00  INFO 33028 --- [mesh.atlas] [restartedMain] o.apache.catalina.core.StandardService   : Starting service [Tomcat]
2026-05-20T15:20:07.998+02:00  INFO 33028 --- [mesh.atlas] [restartedMain] o.apache.catalina.core.StandardEngine    : Starting Servlet engine: [Apache Tomcat/11.0.21]
2026-05-20T15:20:08.050+02:00  INFO 33028 --- [mesh.atlas] [restartedMain] b.w.c.s.WebApplicationContextInitializer : Root WebApplicationContext: initialization completed in 1426 ms
2026-05-20T15:20:08.476+02:00  INFO 33028 --- [mesh.atlas] [restartedMain] com.zaxxer.hikari.HikariDataSource       : HikariPool-1 - Starting...
2026-05-20T15:20:08.654+02:00  INFO 33028 --- [mesh.atlas] [restartedMain] com.zaxxer.hikari.pool.HikariPool        : HikariPool-1 - Added connection org.postgresql.jdbc.PgConnection@44546a56
2026-05-20T15:20:08.656+02:00  INFO 33028 --- [mesh.atlas] [restartedMain] com.zaxxer.hikari.HikariDataSource       : HikariPool-1 - Start completed.
2026-05-20T15:20:08.685+02:00  INFO 33028 --- [mesh.atlas] [restartedMain] org.flywaydb.core.FlywayExecutor         : Database: jdbc:postgresql://postgresql.ww.local:5432/atlas (PostgreSQL 16.0)
2026-05-20T15:20:08.728+02:00  INFO 33028 --- [mesh.atlas] [restartedMain] o.f.core.internal.command.DbValidate     : Successfully validated 0 migrations (execution time 00:00.014s)
2026-05-20T15:20:08.728+02:00  WARN 33028 --- [mesh.atlas] [restartedMain] o.f.core.internal.command.DbValidate     : No migrations found. Are your locations set up correctly?
2026-05-20T15:20:08.794+02:00  INFO 33028 --- [mesh.atlas] [restartedMain] o.f.core.internal.command.DbMigrate      : Current version of schema "atlas": << Empty Schema >>
2026-05-20T15:20:08.798+02:00  INFO 33028 --- [mesh.atlas] [restartedMain] o.f.core.internal.command.DbMigrate      : Schema "atlas" is up to date. No migration necessary.
2026-05-20T15:20:08.890+02:00  INFO 33028 --- [mesh.atlas] [restartedMain] org.hibernate.orm.jpa                    : HHH008540: Processing PersistenceUnitInfo [name: default]
2026-05-20T15:20:08.948+02:00  INFO 33028 --- [mesh.atlas] [restartedMain] org.hibernate.orm.core                   : HHH000001: Hibernate ORM core version 7.2.12.Final
2026-05-20T15:20:09.427+02:00  INFO 33028 --- [mesh.atlas] [restartedMain] o.s.o.j.p.SpringPersistenceUnitInfo      : No LoadTimeWeaver setup: ignoring JPA class transformer
2026-05-20T15:20:09.485+02:00  WARN 33028 --- [mesh.atlas] [restartedMain] org.hibernate.orm.deprecation            : HHH90000025: PostgreSQLDialect does not need to be specified explicitly using 'hibernate.dialect' (remove the property setting and it will be selected by default)
2026-05-20T15:20:09.504+02:00  INFO 33028 --- [mesh.atlas] [restartedMain] org.hibernate.orm.connections.pooling    : HHH10001005: Database info:
	Database JDBC URL [jdbc:postgresql://postgresql.ww.local:5432/atlas]
	Database driver: PostgreSQL JDBC Driver
	Database dialect: PostgreSQLDialect
	Database version: 16.0
	Default catalog/schema: atlas/atlas
	Autocommit mode: undefined/unknown
	Isolation level: READ_COMMITTED [default READ_COMMITTED]
	JDBC fetch size: none
	Pool: DataSourceConnectionProvider
	Minimum pool size: undefined/unknown
	Maximum pool size: undefined/unknown
2026-05-20T15:20:09.916+02:00  INFO 33028 --- [mesh.atlas] [restartedMain] org.hibernate.orm.core                   : HHH000489: No JTA platform available (set 'hibernate.transaction.jta.platform' to enable JTA platform integration)
2026-05-20T15:20:09.927+02:00  INFO 33028 --- [mesh.atlas] [restartedMain] j.LocalContainerEntityManagerFactoryBean : Initialized JPA EntityManagerFactory for persistence unit 'default'
2026-05-20T15:20:10.293+02:00 DEBUG 33028 --- [mesh.atlas] [restartedMain] swordEncoderAuthenticationManagerBuilder : No authenticationProviders and no parentAuthenticationManager defined. Returning null.
2026-05-20T15:20:10.449+02:00 DEBUG 33028 --- [mesh.atlas] [restartedMain] o.s.s.web.DefaultSecurityFilterChain     : Will secure any request with filters: DisableEncodeUrlFilter, WebAsyncManagerIntegrationFilter, SecurityContextHolderFilter, HeaderWriterFilter, LogoutFilter, RequestCacheAwareFilter, SecurityContextHolderAwareRequestFilter, AnonymousAuthenticationFilter, SessionManagementFilter, ExceptionTranslationFilter, AuthorizationFilter
2026-05-20T15:20:11.105+02:00  INFO 33028 --- [mesh.atlas] [restartedMain] o.a.t.util.net.NioEndpoint.certificate   : Connector [https-jsse-nio-8888], TLS virtual host [_default_], certificate type [UNDEFINED] configured from keystore [Set directly - location unknown] using alias [atlas] with trust store [null]
2026-05-20T15:20:11.123+02:00  INFO 33028 --- [mesh.atlas] [restartedMain] o.s.boot.tomcat.TomcatWebServer          : Tomcat started on port 8888 (https) with context path '/atlas'
2026-05-20T15:20:11.129+02:00  INFO 33028 --- [mesh.atlas] [restartedMain] pl.com.ww.mesh.atlas.Application         : Started Application in 5.06 seconds (process running for 5.86)
2026-05-20T15:20:31.960+02:00  INFO 33028 --- [mesh.atlas] [https-jsse-nio-8888-exec-6] o.a.c.c.C.[Tomcat].[localhost].[/atlas]  : Initializing Spring DispatcherServlet 'dispatcherServlet'
2026-05-20T15:20:31.961+02:00  INFO 33028 --- [mesh.atlas] [https-jsse-nio-8888-exec-6] o.s.web.servlet.DispatcherServlet        : Initializing Servlet 'dispatcherServlet'
2026-05-20T15:20:31.964+02:00  INFO 33028 --- [mesh.atlas] [https-jsse-nio-8888-exec-6] o.s.web.servlet.DispatcherServlet        : Completed initialization in 3 ms
2026-05-20T15:20:31.993+02:00 DEBUG 33028 --- [mesh.atlas] [https-jsse-nio-8888-exec-6] o.s.security.web.FilterChainProxy        : Securing GET /hello/wojtek
2026-05-20T15:20:32.013+02:00 DEBUG 33028 --- [mesh.atlas] [https-jsse-nio-8888-exec-6] o.s.s.w.a.AnonymousAuthenticationFilter  : Set SecurityContextHolder to anonymous SecurityContext
2026-05-20T15:20:32.016+02:00 DEBUG 33028 --- [mesh.atlas] [https-jsse-nio-8888-exec-6] o.s.security.web.FilterChainProxy        : Secured GET /hello/wojtek
2026-05-20T15:25:43.369+02:00  WARN 33028 --- [mesh.atlas] [HikariPool-1:housekeeper] com.zaxxer.hikari.pool.HikariPool        : HikariPool-1 - Thread starvation or clock leap detected (housekeeper delta=1m4s511ms21µs200ns).
2026-05-20T15:34:00.836+02:00  INFO 33028 --- [mesh.atlas] [File Watcher] rtingClassPathChangeChangedEventListener : Restarting due to 3 class path changes (0 additions, 2 deletions, 1 modification)
2026-05-20T15:34:00.888+02:00  INFO 33028 --- [mesh.atlas] [Thread-1] o.s.boot.tomcat.GracefulShutdown         : Commencing graceful shutdown. Waiting for active requests to complete
2026-05-20T15:34:00.903+02:00  INFO 33028 --- [mesh.atlas] [tomcat-shutdown] o.s.boot.tomcat.GracefulShutdown         : Graceful shutdown complete
2026-05-20T15:34:00.926+02:00  INFO 33028 --- [mesh.atlas] [Thread-1] j.LocalContainerEntityManagerFactoryBean : Closing JPA EntityManagerFactory for persistence unit 'default'
2026-05-20T15:34:00.941+02:00  INFO 33028 --- [mesh.atlas] [Thread-1] com.zaxxer.hikari.HikariDataSource       : HikariPool-1 - Shutdown initiated...
2026-05-20T15:34:00.949+02:00  INFO 33028 --- [mesh.atlas] [Thread-1] com.zaxxer.hikari.HikariDataSource       : HikariPool-1 - Shutdown completed.
2026-05-20T15:34:01.136+02:00  INFO 33028 --- [mesh.atlas] [restartedMain] pl.com.ww.mesh.atlas.Application         : Starting Application using Java 21 with PID 33028 (C:\DEV\mesh-atlas\backend\target\classes started by wwalc in C:\DEV\mesh-atlas)
2026-05-20T15:34:01.137+02:00 DEBUG 33028 --- [mesh.atlas] [restartedMain] pl.com.ww.mesh.atlas.Application         : Running with Spring Boot v4.0.6, Spring v7.0.7
2026-05-20T15:34:01.137+02:00  INFO 33028 --- [mesh.atlas] [restartedMain] pl.com.ww.mesh.atlas.Application         : The following 1 profile is active: "dev"
2026-05-20T15:34:01.313+02:00  INFO 33028 --- [mesh.atlas] [restartedMain] .s.d.r.c.RepositoryConfigurationDelegate : Bootstrapping Spring Data JPA repositories in DEFAULT mode.
2026-05-20T15:34:01.317+02:00  INFO 33028 --- [mesh.atlas] [restartedMain] .s.d.r.c.RepositoryConfigurationDelegate : Finished Spring Data repository scanning in 1 ms. Found 0 JPA repository interfaces.
2026-05-20T15:34:01.440+02:00  INFO 33028 --- [mesh.atlas] [restartedMain] o.s.boot.tomcat.TomcatWebServer          : Tomcat initialized with port 8888 (https)
2026-05-20T15:34:01.441+02:00  INFO 33028 --- [mesh.atlas] [restartedMain] o.apache.catalina.core.StandardService   : Starting service [Tomcat]
2026-05-20T15:34:01.441+02:00  INFO 33028 --- [mesh.atlas] [restartedMain] o.apache.catalina.core.StandardEngine    : Starting Servlet engine: [Apache Tomcat/11.0.21]
2026-05-20T15:34:01.470+02:00  INFO 33028 --- [mesh.atlas] [restartedMain] b.w.c.s.WebApplicationContextInitializer : Root WebApplicationContext: initialization completed in 330 ms
2026-05-20T15:34:01.532+02:00  INFO 33028 --- [mesh.atlas] [restartedMain] com.zaxxer.hikari.HikariDataSource       : HikariPool-2 - Starting...
2026-05-20T15:34:01.580+02:00  INFO 33028 --- [mesh.atlas] [restartedMain] com.zaxxer.hikari.pool.HikariPool        : HikariPool-2 - Added connection org.postgresql.jdbc.PgConnection@298d3b02
2026-05-20T15:34:01.581+02:00  INFO 33028 --- [mesh.atlas] [restartedMain] com.zaxxer.hikari.HikariDataSource       : HikariPool-2 - Start completed.
2026-05-20T15:34:01.582+02:00  INFO 33028 --- [mesh.atlas] [restartedMain] org.flywaydb.core.FlywayExecutor         : Database: jdbc:postgresql://postgresql.ww.local:5432/atlas (PostgreSQL 16.0)
2026-05-20T15:34:01.591+02:00  INFO 33028 --- [mesh.atlas] [restartedMain] o.f.core.internal.command.DbValidate     : Successfully validated 0 migrations (execution time 00:00.002s)
2026-05-20T15:34:01.591+02:00  WARN 33028 --- [mesh.atlas] [restartedMain] o.f.core.internal.command.DbValidate     : No migrations found. Are your locations set up correctly?
2026-05-20T15:34:01.645+02:00  INFO 33028 --- [mesh.atlas] [restartedMain] o.f.core.internal.command.DbMigrate      : Current version of schema "atlas": << Empty Schema >>
2026-05-20T15:34:01.645+02:00  INFO 33028 --- [mesh.atlas] [restartedMain] o.f.core.internal.command.DbMigrate      : Schema "atlas" is up to date. No migration necessary.
2026-05-20T15:34:01.659+02:00  INFO 33028 --- [mesh.atlas] [restartedMain] org.hibernate.orm.jpa                    : HHH008540: Processing PersistenceUnitInfo [name: default]
2026-05-20T15:34:01.699+02:00  INFO 33028 --- [mesh.atlas] [restartedMain] o.s.o.j.p.SpringPersistenceUnitInfo      : No LoadTimeWeaver setup: ignoring JPA class transformer
2026-05-20T15:34:01.774+02:00  INFO 33028 --- [mesh.atlas] [restartedMain] org.hibernate.orm.connections.pooling    : HHH10001005: Database info:
	Database JDBC URL [jdbc:postgresql://postgresql.ww.local:5432/atlas]
	Database driver: PostgreSQL JDBC Driver
	Database dialect: PostgreSQLDialect
	Database version: 16.0
	Default catalog/schema: atlas/atlas
	Autocommit mode: undefined/unknown
	Isolation level: READ_COMMITTED [default READ_COMMITTED]
	JDBC fetch size: none
	Pool: DataSourceConnectionProvider
	Minimum pool size: undefined/unknown
	Maximum pool size: undefined/unknown
2026-05-20T15:34:01.808+02:00  INFO 33028 --- [mesh.atlas] [restartedMain] org.hibernate.orm.core                   : HHH000489: No JTA platform available (set 'hibernate.transaction.jta.platform' to enable JTA platform integration)
2026-05-20T15:34:01.809+02:00  INFO 33028 --- [mesh.atlas] [restartedMain] j.LocalContainerEntityManagerFactoryBean : Initialized JPA EntityManagerFactory for persistence unit 'default'
2026-05-20T15:34:01.891+02:00 DEBUG 33028 --- [mesh.atlas] [restartedMain] swordEncoderAuthenticationManagerBuilder : No authenticationProviders and no parentAuthenticationManager defined. Returning null.
2026-05-20T15:34:01.936+02:00 DEBUG 33028 --- [mesh.atlas] [restartedMain] o.s.s.web.DefaultSecurityFilterChain     : Will secure any request with filters: DisableEncodeUrlFilter, WebAsyncManagerIntegrationFilter, SecurityContextHolderFilter, HeaderWriterFilter, LogoutFilter, RequestCacheAwareFilter, SecurityContextHolderAwareRequestFilter, AnonymousAuthenticationFilter, SessionManagementFilter, ExceptionTranslationFilter, AuthorizationFilter
2026-05-20T15:34:02.136+02:00  INFO 33028 --- [mesh.atlas] [restartedMain] o.a.t.util.net.NioEndpoint.certificate   : Connector [https-jsse-nio-8888], TLS virtual host [_default_], certificate type [UNDEFINED] configured from keystore [Set directly - location unknown] using alias [atlas] with trust store [null]
2026-05-20T15:34:02.140+02:00  INFO 33028 --- [mesh.atlas] [restartedMain] o.s.boot.tomcat.TomcatWebServer          : Tomcat started on port 8888 (https) with context path '/atlas'
2026-05-20T15:34:02.143+02:00  INFO 33028 --- [mesh.atlas] [restartedMain] pl.com.ww.mesh.atlas.Application         : Started Application in 1.057 seconds (process running for 836.874)
2026-05-20T15:34:02.148+02:00  INFO 33028 --- [mesh.atlas] [restartedMain] .ConditionEvaluationDeltaLoggingListener : Condition evaluation delta:


==========================
CONDITION EVALUATION DELTA
==========================


Positive matches:
-----------------

   OAuth2ResourceServerJwtConfiguration.JwtDecoderConfiguration#jwtDecoderByIssuerUri matched:
      - OpenID Connect Issuer URI Condition found issuer-uri property (IssuerUriCondition)


Negative matches:
-----------------

    None


Exclusions:
-----------

    None


Unconditional classes:
----------------------

    None



2026-05-20T15:48:45.740+02:00  INFO 33028 --- [mesh.atlas] [SpringApplicationShutdownHook] o.s.boot.tomcat.GracefulShutdown         : Commencing graceful shutdown. Waiting for active requests to complete
2026-05-20T15:48:45.756+02:00  INFO 33028 --- [mesh.atlas] [tomcat-shutdown] o.s.boot.tomcat.GracefulShutdown         : Graceful shutdown complete
2026-05-20T15:48:45.765+02:00  INFO 33028 --- [mesh.atlas] [SpringApplicationShutdownHook] j.LocalContainerEntityManagerFactoryBean : Closing JPA EntityManagerFactory for persistence unit 'default'
2026-05-20T15:48:45.774+02:00  INFO 33028 --- [mesh.atlas] [SpringApplicationShutdownHook] com.zaxxer.hikari.HikariDataSource       : HikariPool-2 - Shutdown initiated...
2026-05-20T15:48:45.777+02:00  INFO 33028 --- [mesh.atlas] [SpringApplicationShutdownHook] com.zaxxer.hikari.HikariDataSource       : HikariPool-2 - Shutdown completed.
2026-05-20T15:50:37.933+02:00  INFO 33148 --- [mesh.atlas] [restartedMain] pl.com.ww.mesh.atlas.Application         : Starting Application using Java 21 with PID 33148 (C:\DEV\mesh-atlas\backend\target\classes started by wwalc in C:\DEV\mesh-atlas)
2026-05-20T15:50:37.936+02:00 DEBUG 33148 --- [mesh.atlas] [restartedMain] pl.com.ww.mesh.atlas.Application         : Running with Spring Boot v4.0.6, Spring v7.0.7
2026-05-20T15:50:37.937+02:00  INFO 33148 --- [mesh.atlas] [restartedMain] pl.com.ww.mesh.atlas.Application         : The following 1 profile is active: "dev"
2026-05-20T15:50:37.983+02:00  INFO 33148 --- [mesh.atlas] [restartedMain] .e.DevToolsPropertyDefaultsPostProcessor : Devtools property defaults active! Set 'spring.devtools.add-properties' to 'false' to disable
2026-05-20T15:50:37.983+02:00  INFO 33148 --- [mesh.atlas] [restartedMain] .e.DevToolsPropertyDefaultsPostProcessor : For additional web related logging consider setting the 'logging.level.web' property to 'DEBUG'
2026-05-20T15:50:38.748+02:00  INFO 33148 --- [mesh.atlas] [restartedMain] .s.d.r.c.RepositoryConfigurationDelegate : Bootstrapping Spring Data JPA repositories in DEFAULT mode.
2026-05-20T15:50:38.768+02:00  INFO 33148 --- [mesh.atlas] [restartedMain] .s.d.r.c.RepositoryConfigurationDelegate : Finished Spring Data repository scanning in 11 ms. Found 0 JPA repository interfaces.
2026-05-20T15:50:39.413+02:00  INFO 33148 --- [mesh.atlas] [restartedMain] o.s.boot.tomcat.TomcatWebServer          : Tomcat initialized with port 8888 (https)
2026-05-20T15:50:39.429+02:00  INFO 33148 --- [mesh.atlas] [restartedMain] o.apache.catalina.core.StandardService   : Starting service [Tomcat]
2026-05-20T15:50:39.430+02:00  INFO 33148 --- [mesh.atlas] [restartedMain] o.apache.catalina.core.StandardEngine    : Starting Servlet engine: [Apache Tomcat/11.0.21]
2026-05-20T15:50:39.472+02:00  INFO 33148 --- [mesh.atlas] [restartedMain] b.w.c.s.WebApplicationContextInitializer : Root WebApplicationContext: initialization completed in 1488 ms
2026-05-20T15:50:39.967+02:00  INFO 33148 --- [mesh.atlas] [restartedMain] com.zaxxer.hikari.HikariDataSource       : HikariPool-1 - Starting...
2026-05-20T15:50:40.186+02:00  INFO 33148 --- [mesh.atlas] [restartedMain] com.zaxxer.hikari.pool.HikariPool        : HikariPool-1 - Added connection org.postgresql.jdbc.PgConnection@50b7723e
2026-05-20T15:50:40.188+02:00  INFO 33148 --- [mesh.atlas] [restartedMain] com.zaxxer.hikari.HikariDataSource       : HikariPool-1 - Start completed.
2026-05-20T15:50:40.225+02:00  INFO 33148 --- [mesh.atlas] [restartedMain] org.flywaydb.core.FlywayExecutor         : Database: jdbc:postgresql://postgresql.ww.local:5432/atlas (PostgreSQL 16.0)
2026-05-20T15:50:40.280+02:00  INFO 33148 --- [mesh.atlas] [restartedMain] o.f.core.internal.command.DbValidate     : Successfully validated 0 migrations (execution time 00:00.020s)
2026-05-20T15:50:40.281+02:00  WARN 33148 --- [mesh.atlas] [restartedMain] o.f.core.internal.command.DbValidate     : No migrations found. Are your locations set up correctly?
2026-05-20T15:50:40.359+02:00  INFO 33148 --- [mesh.atlas] [restartedMain] o.f.core.internal.command.DbMigrate      : Current version of schema "atlas": << Empty Schema >>
2026-05-20T15:50:40.364+02:00  INFO 33148 --- [mesh.atlas] [restartedMain] o.f.core.internal.command.DbMigrate      : Schema "atlas" is up to date. No migration necessary.
2026-05-20T15:50:40.518+02:00  INFO 33148 --- [mesh.atlas] [restartedMain] org.hibernate.orm.jpa                    : HHH008540: Processing PersistenceUnitInfo [name: default]
2026-05-20T15:50:40.592+02:00  INFO 33148 --- [mesh.atlas] [restartedMain] org.hibernate.orm.core                   : HHH000001: Hibernate ORM core version 7.2.12.Final
2026-05-20T15:50:41.098+02:00  INFO 33148 --- [mesh.atlas] [restartedMain] o.s.o.j.p.SpringPersistenceUnitInfo      : No LoadTimeWeaver setup: ignoring JPA class transformer
2026-05-20T15:50:41.160+02:00  WARN 33148 --- [mesh.atlas] [restartedMain] org.hibernate.orm.deprecation            : HHH90000025: PostgreSQLDialect does not need to be specified explicitly using 'hibernate.dialect' (remove the property setting and it will be selected by default)
2026-05-20T15:50:41.179+02:00  INFO 33148 --- [mesh.atlas] [restartedMain] org.hibernate.orm.connections.pooling    : HHH10001005: Database info:
	Database JDBC URL [jdbc:postgresql://postgresql.ww.local:5432/atlas]
	Database driver: PostgreSQL JDBC Driver
	Database dialect: PostgreSQLDialect
	Database version: 16.0
	Default catalog/schema: atlas/atlas
	Autocommit mode: undefined/unknown
	Isolation level: READ_COMMITTED [default READ_COMMITTED]
	JDBC fetch size: none
	Pool: DataSourceConnectionProvider
	Minimum pool size: undefined/unknown
	Maximum pool size: undefined/unknown
2026-05-20T15:50:41.617+02:00  INFO 33148 --- [mesh.atlas] [restartedMain] org.hibernate.orm.core                   : HHH000489: No JTA platform available (set 'hibernate.transaction.jta.platform' to enable JTA platform integration)
2026-05-20T15:50:41.626+02:00  INFO 33148 --- [mesh.atlas] [restartedMain] j.LocalContainerEntityManagerFactoryBean : Initialized JPA EntityManagerFactory for persistence unit 'default'
2026-05-20T15:50:42.020+02:00 DEBUG 33148 --- [mesh.atlas] [restartedMain] swordEncoderAuthenticationManagerBuilder : No authenticationProviders and no parentAuthenticationManager defined. Returning null.
2026-05-20T15:50:42.329+02:00 DEBUG 33148 --- [mesh.atlas] [restartedMain] o.s.s.web.DefaultSecurityFilterChain     : Will secure any request with filters: DisableEncodeUrlFilter, WebAsyncManagerIntegrationFilter, SecurityContextHolderFilter, HeaderWriterFilter, LogoutFilter, OAuth2ProtectedResourceMetadataFilter, BearerTokenAuthenticationFilter, AuthenticationFilter, RequestCacheAwareFilter, SecurityContextHolderAwareRequestFilter, AnonymousAuthenticationFilter, SessionManagementFilter, ExceptionTranslationFilter, AuthorizationFilter
2026-05-20T15:50:43.020+02:00  INFO 33148 --- [mesh.atlas] [restartedMain] o.a.t.util.net.NioEndpoint.certificate   : Connector [https-jsse-nio-8888], TLS virtual host [_default_], certificate type [UNDEFINED] configured from keystore [Set directly - location unknown] using alias [atlas] with trust store [null]
2026-05-20T15:50:43.034+02:00  INFO 33148 --- [mesh.atlas] [restartedMain] o.s.boot.tomcat.TomcatWebServer          : Tomcat started on port 8888 (https) with context path '/atlas'
2026-05-20T15:50:43.043+02:00  INFO 33148 --- [mesh.atlas] [restartedMain] pl.com.ww.mesh.atlas.Application         : Started Application in 5.693 seconds (process running for 6.667)
2026-05-20T15:54:29.901+02:00  INFO 33148 --- [mesh.atlas] [https-jsse-nio-8888-exec-4] o.a.c.c.C.[Tomcat].[localhost].[/atlas]  : Initializing Spring DispatcherServlet 'dispatcherServlet'
2026-05-20T15:54:29.902+02:00  INFO 33148 --- [mesh.atlas] [https-jsse-nio-8888-exec-4] o.s.web.servlet.DispatcherServlet        : Initializing Servlet 'dispatcherServlet'
2026-05-20T15:54:29.904+02:00  INFO 33148 --- [mesh.atlas] [https-jsse-nio-8888-exec-4] o.s.web.servlet.DispatcherServlet        : Completed initialization in 2 ms
2026-05-20T15:54:29.917+02:00 DEBUG 33148 --- [mesh.atlas] [https-jsse-nio-8888-exec-4] o.s.security.web.FilterChainProxy        : Securing GET /hello/wojtek
2026-05-20T15:54:30.786+02:00 DEBUG 33148 --- [mesh.atlas] [https-jsse-nio-8888-exec-4] o.s.s.o.s.r.a.JwtAuthenticationProvider  : Authenticated token
2026-05-20T15:54:30.788+02:00 DEBUG 33148 --- [mesh.atlas] [https-jsse-nio-8888-exec-4] .s.r.w.a.BearerTokenAuthenticationFilter : Set SecurityContextHolder to JwtAuthenticationToken [Principal=org.springframework.security.oauth2.jwt.Jwt@597dbaea, Credentials=[PROTECTED], Authenticated=true, Details=WebAuthenticationDetails [RemoteIpAddress=127.0.0.1, SessionId=null], Granted Authorities=[FactorGrantedAuthority [authority=FACTOR_BEARER, issuedAt=2026-05-20T13:54:30.785066300Z], ROLE_DEFAULT-ROLES-ATLAS, ROLE_UMA_AUTHORIZATION, ROLE_OFFLINE_ACCESS]]
2026-05-20T15:54:30.793+02:00 DEBUG 33148 --- [mesh.atlas] [https-jsse-nio-8888-exec-4] o.s.security.web.FilterChainProxy        : Secured GET /hello/wojtek
2026-05-20T15:54:41.448+02:00  INFO 33148 --- [mesh.atlas] [https-jsse-nio-8888-exec-4] p.c.w.m.atlas.api.hello.HelloController  : a65ead9b-2a99-436c-9c6b-2b71e40d7a31
2026-05-20T16:01:04.623+02:00  INFO 33148 --- [mesh.atlas] [File Watcher] rtingClassPathChangeChangedEventListener : Restarting due to 3 class path changes (0 additions, 3 deletions, 0 modifications)
2026-05-20T16:01:04.631+02:00  INFO 33148 --- [mesh.atlas] [Thread-1] o.s.boot.tomcat.GracefulShutdown         : Commencing graceful shutdown. Waiting for active requests to complete
2026-05-20T16:01:04.638+02:00  INFO 33148 --- [mesh.atlas] [tomcat-shutdown] o.s.boot.tomcat.GracefulShutdown         : Graceful shutdown complete
2026-05-20T16:01:04.647+02:00  INFO 33148 --- [mesh.atlas] [Thread-1] j.LocalContainerEntityManagerFactoryBean : Closing JPA EntityManagerFactory for persistence unit 'default'
2026-05-20T16:01:04.653+02:00  INFO 33148 --- [mesh.atlas] [Thread-1] com.zaxxer.hikari.HikariDataSource       : HikariPool-1 - Shutdown initiated...
2026-05-20T16:01:04.655+02:00  INFO 33148 --- [mesh.atlas] [Thread-1] com.zaxxer.hikari.HikariDataSource       : HikariPool-1 - Shutdown completed.
2026-05-20T16:01:04.773+02:00  INFO 33148 --- [mesh.atlas] [restartedMain] pl.com.ww.mesh.atlas.Application         : Starting Application using Java 21 with PID 33148 (C:\DEV\mesh-atlas\backend\target\classes started by wwalc in C:\DEV\mesh-atlas)
2026-05-20T16:01:04.774+02:00 DEBUG 33148 --- [mesh.atlas] [restartedMain] pl.com.ww.mesh.atlas.Application         : Running with Spring Boot v4.0.6, Spring v7.0.7
2026-05-20T16:01:04.774+02:00  INFO 33148 --- [mesh.atlas] [restartedMain] pl.com.ww.mesh.atlas.Application         : The following 1 profile is active: "dev"
2026-05-20T16:01:04.956+02:00  WARN 33148 --- [mesh.atlas] [restartedMain] ConfigServletWebServerApplicationContext : Exception encountered during context initialization - cancelling refresh attempt: java.lang.IllegalStateException: Error processing condition on org.springframework.boot.autoconfigure.context.PropertyPlaceholderAutoConfiguration.propertySourcesPlaceholderConfigurer
2026-05-20T16:01:04.959+02:00  INFO 33148 --- [mesh.atlas] [restartedMain] .s.b.a.l.ConditionEvaluationReportLogger : 

Error starting ApplicationContext. To display the condition evaluation report re-run your application with 'debug' enabled.
2026-05-20T16:01:04.981+02:00 ERROR 33148 --- [mesh.atlas] [restartedMain] o.s.boot.SpringApplication               : Application run failed

java.lang.IllegalStateException: Error processing condition on org.springframework.boot.autoconfigure.context.PropertyPlaceholderAutoConfiguration.propertySourcesPlaceholderConfigurer
	at org.springframework.boot.autoconfigure.condition.SpringBootCondition.matches(SpringBootCondition.java:60) ~[spring-boot-autoconfigure-4.0.6.jar:4.0.6]
	at org.springframework.context.annotation.ConditionEvaluator.shouldSkip(ConditionEvaluator.java:100) ~[spring-context-7.0.7.jar:7.0.7]
	at org.springframework.context.annotation.ConfigurationClassBeanDefinitionReader.loadBeanDefinitionsForBeanMethod(ConfigurationClassBeanDefinitionReader.java:196) ~[spring-context-7.0.7.jar:7.0.7]
	at org.springframework.context.annotation.ConfigurationClassBeanDefinitionReader.loadBeanDefinitionsForConfigurationClass(ConfigurationClassBeanDefinitionReader.java:148) ~[spring-context-7.0.7.jar:7.0.7]
	at org.springframework.context.annotation.ConfigurationClassBeanDefinitionReader.loadBeanDefinitions(ConfigurationClassBeanDefinitionReader.java:124) ~[spring-context-7.0.7.jar:7.0.7]
	at org.springframework.context.annotation.ConfigurationClassPostProcessor.processConfigBeanDefinitions(ConfigurationClassPostProcessor.java:464) ~[spring-context-7.0.7.jar:7.0.7]
	at org.springframework.context.annotation.ConfigurationClassPostProcessor.postProcessBeanDefinitionRegistry(ConfigurationClassPostProcessor.java:316) ~[spring-context-7.0.7.jar:7.0.7]
	at org.springframework.context.support.PostProcessorRegistrationDelegate.invokeBeanDefinitionRegistryPostProcessors(PostProcessorRegistrationDelegate.java:349) ~[spring-context-7.0.7.jar:7.0.7]
	at org.springframework.context.support.PostProcessorRegistrationDelegate.invokeBeanFactoryPostProcessors(PostProcessorRegistrationDelegate.java:118) ~[spring-context-7.0.7.jar:7.0.7]
	at org.springframework.context.support.AbstractApplicationContext.invokeBeanFactoryPostProcessors(AbstractApplicationContext.java:795) ~[spring-context-7.0.7.jar:7.0.7]
	at org.springframework.context.support.AbstractApplicationContext.refresh(AbstractApplicationContext.java:603) ~[spring-context-7.0.7.jar:7.0.7]
	at org.springframework.boot.web.server.servlet.context.ServletWebServerApplicationContext.refresh(ServletWebServerApplicationContext.java:143) ~[spring-boot-web-server-4.0.6.jar:4.0.6]
	at org.springframework.boot.SpringApplication.refresh(SpringApplication.java:756) ~[spring-boot-4.0.6.jar:4.0.6]
	at org.springframework.boot.SpringApplication.refreshContext(SpringApplication.java:445) ~[spring-boot-4.0.6.jar:4.0.6]
	at org.springframework.boot.SpringApplication.run(SpringApplication.java:321) ~[spring-boot-4.0.6.jar:4.0.6]
	at org.springframework.boot.SpringApplication.run(SpringApplication.java:1365) ~[spring-boot-4.0.6.jar:4.0.6]
	at org.springframework.boot.SpringApplication.run(SpringApplication.java:1354) ~[spring-boot-4.0.6.jar:4.0.6]
	at pl.com.ww.mesh.atlas.Application.main(Application.java:10) ~[classes/:na]
	at java.base/jdk.internal.reflect.DirectMethodHandleAccessor.invoke(DirectMethodHandleAccessor.java:103) ~[na:na]
	at java.base/java.lang.reflect.Method.invoke(Method.java:580) ~[na:na]
	at org.springframework.boot.devtools.restart.RestartLauncher.run(RestartLauncher.java:52) ~[spring-boot-devtools-4.0.6.jar:4.0.6]
Caused by: java.lang.IllegalStateException: Failed to introspect Class [pl.com.ww.mesh.atlas.config.SecurityConfig] from ClassLoader [org.springframework.boot.devtools.restart.classloader.RestartClassLoader@22cc5e4a]
	at org.springframework.util.ReflectionUtils.getDeclaredMethods(ReflectionUtils.java:483) ~[spring-core-7.0.7.jar:7.0.7]
	at org.springframework.util.ReflectionUtils.doWithMethods(ReflectionUtils.java:360) ~[spring-core-7.0.7.jar:7.0.7]
	at org.springframework.util.ReflectionUtils.getUniqueDeclaredMethods(ReflectionUtils.java:417) ~[spring-core-7.0.7.jar:7.0.7]
	at org.springframework.beans.factory.support.AbstractAutowireCapableBeanFactory.lambda$getTypeForFactoryMethod$0(AbstractAutowireCapableBeanFactory.java:750) ~[spring-beans-7.0.7.jar:7.0.7]
	at java.base/java.util.concurrent.ConcurrentHashMap.computeIfAbsent(ConcurrentHashMap.java:1708) ~[na:na]
	at org.springframework.beans.factory.support.AbstractAutowireCapableBeanFactory.getTypeForFactoryMethod(AbstractAutowireCapableBeanFactory.java:749) ~[spring-beans-7.0.7.jar:7.0.7]
	at org.springframework.beans.factory.support.AbstractAutowireCapableBeanFactory.determineTargetType(AbstractAutowireCapableBeanFactory.java:683) ~[spring-beans-7.0.7.jar:7.0.7]
	at org.springframework.beans.factory.support.AbstractAutowireCapableBeanFactory.predictBeanType(AbstractAutowireCapableBeanFactory.java:655) ~[spring-beans-7.0.7.jar:7.0.7]
	at org.springframework.beans.factory.support.AbstractBeanFactory.isFactoryBean(AbstractBeanFactory.java:1699) ~[spring-beans-7.0.7.jar:7.0.7]
	at org.springframework.beans.factory.support.DefaultListableBeanFactory.doGetBeanNamesForType(DefaultListableBeanFactory.java:632) ~[spring-beans-7.0.7.jar:7.0.7]
	at org.springframework.beans.factory.support.DefaultListableBeanFactory.getBeanNamesForType(DefaultListableBeanFactory.java:604) ~[spring-beans-7.0.7.jar:7.0.7]
	at org.springframework.beans.factory.support.DefaultListableBeanFactory.getBeanNamesForType(DefaultListableBeanFactory.java:589) ~[spring-beans-7.0.7.jar:7.0.7]
	at org.springframework.boot.autoconfigure.condition.OnBeanCondition.collectBeanDefinitionsForType(OnBeanCondition.java:334) ~[spring-boot-autoconfigure-4.0.6.jar:4.0.6]
	at org.springframework.boot.autoconfigure.condition.OnBeanCondition.getBeanDefinitionsForType(OnBeanCondition.java:323) ~[spring-boot-autoconfigure-4.0.6.jar:4.0.6]
	at org.springframework.boot.autoconfigure.condition.OnBeanCondition.getMatchingBeans(OnBeanCondition.java:221) ~[spring-boot-autoconfigure-4.0.6.jar:4.0.6]
	at org.springframework.boot.autoconfigure.condition.OnBeanCondition.evaluateConditionalOnMissingBean(OnBeanCondition.java:204) ~[spring-boot-autoconfigure-4.0.6.jar:4.0.6]
	at org.springframework.boot.autoconfigure.condition.OnBeanCondition.getMatchOutcome(OnBeanCondition.java:149) ~[spring-boot-autoconfigure-4.0.6.jar:4.0.6]
	at org.springframework.boot.autoconfigure.condition.SpringBootCondition.matches(SpringBootCondition.java:47) ~[spring-boot-autoconfigure-4.0.6.jar:4.0.6]
	... 20 common frames omitted
Caused by: java.lang.NoClassDefFoundError: pl/com/ww/mesh/atlas/security/auth/KeycloakGrantedAuthoritiesConverter
	at java.base/java.lang.Class.getDeclaredMethods0(Native Method) ~[na:na]
	at java.base/java.lang.Class.privateGetDeclaredMethods(Class.java:3578) ~[na:na]
	at java.base/java.lang.Class.getDeclaredMethods(Class.java:2676) ~[na:na]
	at org.springframework.util.ReflectionUtils.getDeclaredMethods(ReflectionUtils.java:465) ~[spring-core-7.0.7.jar:7.0.7]
	... 37 common frames omitted
Caused by: java.lang.ClassNotFoundException: pl.com.ww.mesh.atlas.security.auth.KeycloakGrantedAuthoritiesConverter
	at java.base/jdk.internal.loader.BuiltinClassLoader.loadClass(BuiltinClassLoader.java:641) ~[na:na]
	at java.base/jdk.internal.loader.ClassLoaders$AppClassLoader.loadClass(ClassLoaders.java:188) ~[na:na]
	at java.base/java.lang.ClassLoader.loadClass(ClassLoader.java:526) ~[na:na]
	at java.base/java.lang.Class.forName0(Native Method) ~[na:na]
	at java.base/java.lang.Class.forName(Class.java:534) ~[na:na]
	at java.base/java.lang.Class.forName(Class.java:513) ~[na:na]
	at org.springframework.boot.devtools.restart.classloader.RestartClassLoader.loadClass(RestartClassLoader.java:123) ~[spring-boot-devtools-4.0.6.jar:4.0.6]
	at java.base/java.lang.ClassLoader.loadClass(ClassLoader.java:526) ~[na:na]
	... 41 common frames omitted

2026-05-20T16:01:06.449+02:00  INFO 33148 --- [mesh.atlas] [restartedMain] pl.com.ww.mesh.atlas.Application         : Starting Application using Java 21 with PID 33148 (C:\DEV\mesh-atlas\backend\target\classes started by wwalc in C:\DEV\mesh-atlas)
2026-05-20T16:01:06.449+02:00 DEBUG 33148 --- [mesh.atlas] [restartedMain] pl.com.ww.mesh.atlas.Application         : Running with Spring Boot v4.0.6, Spring v7.0.7
2026-05-20T16:01:06.449+02:00  INFO 33148 --- [mesh.atlas] [restartedMain] pl.com.ww.mesh.atlas.Application         : The following 1 profile is active: "dev"
2026-05-20T16:01:06.594+02:00  WARN 33148 --- [mesh.atlas] [restartedMain] ConfigServletWebServerApplicationContext : Exception encountered during context initialization - cancelling refresh attempt: java.lang.IllegalStateException: Error processing condition on org.springframework.boot.autoconfigure.context.PropertyPlaceholderAutoConfiguration.propertySourcesPlaceholderConfigurer
2026-05-20T16:01:06.594+02:00  INFO 33148 --- [mesh.atlas] [restartedMain] .s.b.a.l.ConditionEvaluationReportLogger : 

Error starting ApplicationContext. To display the condition evaluation report re-run your application with 'debug' enabled.
2026-05-20T16:01:06.598+02:00 ERROR 33148 --- [mesh.atlas] [restartedMain] o.s.boot.SpringApplication               : Application run failed

java.lang.IllegalStateException: Error processing condition on org.springframework.boot.autoconfigure.context.PropertyPlaceholderAutoConfiguration.propertySourcesPlaceholderConfigurer
	at org.springframework.boot.autoconfigure.condition.SpringBootCondition.matches(SpringBootCondition.java:60) ~[spring-boot-autoconfigure-4.0.6.jar:4.0.6]
	at org.springframework.context.annotation.ConditionEvaluator.shouldSkip(ConditionEvaluator.java:100) ~[spring-context-7.0.7.jar:7.0.7]
	at org.springframework.context.annotation.ConfigurationClassBeanDefinitionReader.loadBeanDefinitionsForBeanMethod(ConfigurationClassBeanDefinitionReader.java:196) ~[spring-context-7.0.7.jar:7.0.7]
	at org.springframework.context.annotation.ConfigurationClassBeanDefinitionReader.loadBeanDefinitionsForConfigurationClass(ConfigurationClassBeanDefinitionReader.java:148) ~[spring-context-7.0.7.jar:7.0.7]
	at org.springframework.context.annotation.ConfigurationClassBeanDefinitionReader.loadBeanDefinitions(ConfigurationClassBeanDefinitionReader.java:124) ~[spring-context-7.0.7.jar:7.0.7]
	at org.springframework.context.annotation.ConfigurationClassPostProcessor.processConfigBeanDefinitions(ConfigurationClassPostProcessor.java:464) ~[spring-context-7.0.7.jar:7.0.7]
	at org.springframework.context.annotation.ConfigurationClassPostProcessor.postProcessBeanDefinitionRegistry(ConfigurationClassPostProcessor.java:316) ~[spring-context-7.0.7.jar:7.0.7]
	at org.springframework.context.support.PostProcessorRegistrationDelegate.invokeBeanDefinitionRegistryPostProcessors(PostProcessorRegistrationDelegate.java:349) ~[spring-context-7.0.7.jar:7.0.7]
	at org.springframework.context.support.PostProcessorRegistrationDelegate.invokeBeanFactoryPostProcessors(PostProcessorRegistrationDelegate.java:118) ~[spring-context-7.0.7.jar:7.0.7]
	at org.springframework.context.support.AbstractApplicationContext.invokeBeanFactoryPostProcessors(AbstractApplicationContext.java:795) ~[spring-context-7.0.7.jar:7.0.7]
	at org.springframework.context.support.AbstractApplicationContext.refresh(AbstractApplicationContext.java:603) ~[spring-context-7.0.7.jar:7.0.7]
	at org.springframework.boot.web.server.servlet.context.ServletWebServerApplicationContext.refresh(ServletWebServerApplicationContext.java:143) ~[spring-boot-web-server-4.0.6.jar:4.0.6]
	at org.springframework.boot.SpringApplication.refresh(SpringApplication.java:756) ~[spring-boot-4.0.6.jar:4.0.6]
	at org.springframework.boot.SpringApplication.refreshContext(SpringApplication.java:445) ~[spring-boot-4.0.6.jar:4.0.6]
	at org.springframework.boot.SpringApplication.run(SpringApplication.java:321) ~[spring-boot-4.0.6.jar:4.0.6]
	at org.springframework.boot.SpringApplication.run(SpringApplication.java:1365) ~[spring-boot-4.0.6.jar:4.0.6]
	at org.springframework.boot.SpringApplication.run(SpringApplication.java:1354) ~[spring-boot-4.0.6.jar:4.0.6]
	at pl.com.ww.mesh.atlas.Application.main(Application.java:10) ~[classes/:na]
	at java.base/jdk.internal.reflect.DirectMethodHandleAccessor.invoke(DirectMethodHandleAccessor.java:103) ~[na:na]
	at java.base/java.lang.reflect.Method.invoke(Method.java:580) ~[na:na]
	at org.springframework.boot.devtools.restart.RestartLauncher.run(RestartLauncher.java:52) ~[spring-boot-devtools-4.0.6.jar:4.0.6]
Caused by: java.lang.IllegalStateException: Failed to introspect Class [pl.com.ww.mesh.atlas.config.SecurityConfig] from ClassLoader [org.springframework.boot.devtools.restart.classloader.RestartClassLoader@39da817a]
	at org.springframework.util.ReflectionUtils.getDeclaredMethods(ReflectionUtils.java:483) ~[spring-core-7.0.7.jar:7.0.7]
	at org.springframework.util.ReflectionUtils.doWithMethods(ReflectionUtils.java:360) ~[spring-core-7.0.7.jar:7.0.7]
	at org.springframework.util.ReflectionUtils.getUniqueDeclaredMethods(ReflectionUtils.java:417) ~[spring-core-7.0.7.jar:7.0.7]
	at org.springframework.beans.factory.support.AbstractAutowireCapableBeanFactory.lambda$getTypeForFactoryMethod$0(AbstractAutowireCapableBeanFactory.java:750) ~[spring-beans-7.0.7.jar:7.0.7]
	at java.base/java.util.concurrent.ConcurrentHashMap.computeIfAbsent(ConcurrentHashMap.java:1708) ~[na:na]
	at org.springframework.beans.factory.support.AbstractAutowireCapableBeanFactory.getTypeForFactoryMethod(AbstractAutowireCapableBeanFactory.java:749) ~[spring-beans-7.0.7.jar:7.0.7]
	at org.springframework.beans.factory.support.AbstractAutowireCapableBeanFactory.determineTargetType(AbstractAutowireCapableBeanFactory.java:683) ~[spring-beans-7.0.7.jar:7.0.7]
	at org.springframework.beans.factory.support.AbstractAutowireCapableBeanFactory.predictBeanType(AbstractAutowireCapableBeanFactory.java:655) ~[spring-beans-7.0.7.jar:7.0.7]
	at org.springframework.beans.factory.support.AbstractBeanFactory.isFactoryBean(AbstractBeanFactory.java:1699) ~[spring-beans-7.0.7.jar:7.0.7]
	at org.springframework.beans.factory.support.DefaultListableBeanFactory.doGetBeanNamesForType(DefaultListableBeanFactory.java:632) ~[spring-beans-7.0.7.jar:7.0.7]
	at org.springframework.beans.factory.support.DefaultListableBeanFactory.getBeanNamesForType(DefaultListableBeanFactory.java:604) ~[spring-beans-7.0.7.jar:7.0.7]
	at org.springframework.beans.factory.support.DefaultListableBeanFactory.getBeanNamesForType(DefaultListableBeanFactory.java:589) ~[spring-beans-7.0.7.jar:7.0.7]
	at org.springframework.boot.autoconfigure.condition.OnBeanCondition.collectBeanDefinitionsForType(OnBeanCondition.java:334) ~[spring-boot-autoconfigure-4.0.6.jar:4.0.6]
	at org.springframework.boot.autoconfigure.condition.OnBeanCondition.getBeanDefinitionsForType(OnBeanCondition.java:323) ~[spring-boot-autoconfigure-4.0.6.jar:4.0.6]
	at org.springframework.boot.autoconfigure.condition.OnBeanCondition.getMatchingBeans(OnBeanCondition.java:221) ~[spring-boot-autoconfigure-4.0.6.jar:4.0.6]
	at org.springframework.boot.autoconfigure.condition.OnBeanCondition.evaluateConditionalOnMissingBean(OnBeanCondition.java:204) ~[spring-boot-autoconfigure-4.0.6.jar:4.0.6]
	at org.springframework.boot.autoconfigure.condition.OnBeanCondition.getMatchOutcome(OnBeanCondition.java:149) ~[spring-boot-autoconfigure-4.0.6.jar:4.0.6]
	at org.springframework.boot.autoconfigure.condition.SpringBootCondition.matches(SpringBootCondition.java:47) ~[spring-boot-autoconfigure-4.0.6.jar:4.0.6]
	... 20 common frames omitted
Caused by: java.lang.NoClassDefFoundError: pl/com/ww/mesh/atlas/security/auth/KeycloakGrantedAuthoritiesConverter
	at java.base/java.lang.Class.getDeclaredMethods0(Native Method) ~[na:na]
	at java.base/java.lang.Class.privateGetDeclaredMethods(Class.java:3578) ~[na:na]
	at java.base/java.lang.Class.getDeclaredMethods(Class.java:2676) ~[na:na]
	at org.springframework.util.ReflectionUtils.getDeclaredMethods(ReflectionUtils.java:465) ~[spring-core-7.0.7.jar:7.0.7]
	... 37 common frames omitted
Caused by: java.lang.ClassNotFoundException: pl.com.ww.mesh.atlas.security.auth.KeycloakGrantedAuthoritiesConverter
	at java.base/jdk.internal.loader.BuiltinClassLoader.loadClass(BuiltinClassLoader.java:641) ~[na:na]
	at java.base/jdk.internal.loader.ClassLoaders$AppClassLoader.loadClass(ClassLoaders.java:188) ~[na:na]
	at java.base/java.lang.ClassLoader.loadClass(ClassLoader.java:526) ~[na:na]
	at java.base/java.lang.Class.forName0(Native Method) ~[na:na]
	at java.base/java.lang.Class.forName(Class.java:534) ~[na:na]
	at java.base/java.lang.Class.forName(Class.java:513) ~[na:na]
	at org.springframework.boot.devtools.restart.classloader.RestartClassLoader.loadClass(RestartClassLoader.java:123) ~[spring-boot-devtools-4.0.6.jar:4.0.6]
	at java.base/java.lang.ClassLoader.loadClass(ClassLoader.java:526) ~[na:na]
	... 41 common frames omitted

2026-05-20T16:01:36.895+02:00  INFO 24484 --- [mesh.atlas] [restartedMain] pl.com.ww.mesh.atlas.Application         : Starting Application using Java 21 with PID 24484 (C:\DEV\mesh-atlas\backend\target\classes started by wwalc in C:\DEV\mesh-atlas)
2026-05-20T16:01:36.898+02:00 DEBUG 24484 --- [mesh.atlas] [restartedMain] pl.com.ww.mesh.atlas.Application         : Running with Spring Boot v4.0.6, Spring v7.0.7
2026-05-20T16:01:36.898+02:00  INFO 24484 --- [mesh.atlas] [restartedMain] pl.com.ww.mesh.atlas.Application         : The following 1 profile is active: "dev"
2026-05-20T16:01:36.944+02:00  INFO 24484 --- [mesh.atlas] [restartedMain] .e.DevToolsPropertyDefaultsPostProcessor : Devtools property defaults active! Set 'spring.devtools.add-properties' to 'false' to disable
2026-05-20T16:01:36.944+02:00  INFO 24484 --- [mesh.atlas] [restartedMain] .e.DevToolsPropertyDefaultsPostProcessor : For additional web related logging consider setting the 'logging.level.web' property to 'DEBUG'
2026-05-20T16:01:37.721+02:00  INFO 24484 --- [mesh.atlas] [restartedMain] .s.d.r.c.RepositoryConfigurationDelegate : Bootstrapping Spring Data JPA repositories in DEFAULT mode.
2026-05-20T16:01:37.744+02:00  INFO 24484 --- [mesh.atlas] [restartedMain] .s.d.r.c.RepositoryConfigurationDelegate : Finished Spring Data repository scanning in 13 ms. Found 0 JPA repository interfaces.
2026-05-20T16:01:38.424+02:00  INFO 24484 --- [mesh.atlas] [restartedMain] o.s.boot.tomcat.TomcatWebServer          : Tomcat initialized with port 8888 (https)
2026-05-20T16:01:38.443+02:00  INFO 24484 --- [mesh.atlas] [restartedMain] o.apache.catalina.core.StandardService   : Starting service [Tomcat]
2026-05-20T16:01:38.443+02:00  INFO 24484 --- [mesh.atlas] [restartedMain] o.apache.catalina.core.StandardEngine    : Starting Servlet engine: [Apache Tomcat/11.0.21]
2026-05-20T16:01:38.486+02:00  INFO 24484 --- [mesh.atlas] [restartedMain] b.w.c.s.WebApplicationContextInitializer : Root WebApplicationContext: initialization completed in 1541 ms
2026-05-20T16:01:38.959+02:00  INFO 24484 --- [mesh.atlas] [restartedMain] com.zaxxer.hikari.HikariDataSource       : HikariPool-1 - Starting...
2026-05-20T16:01:39.126+02:00  INFO 24484 --- [mesh.atlas] [restartedMain] com.zaxxer.hikari.pool.HikariPool        : HikariPool-1 - Added connection org.postgresql.jdbc.PgConnection@3716aeb4
2026-05-20T16:01:39.127+02:00  INFO 24484 --- [mesh.atlas] [restartedMain] com.zaxxer.hikari.HikariDataSource       : HikariPool-1 - Start completed.
2026-05-20T16:01:39.155+02:00  INFO 24484 --- [mesh.atlas] [restartedMain] org.flywaydb.core.FlywayExecutor         : Database: jdbc:postgresql://postgresql.ww.local:5432/atlas (PostgreSQL 16.0)
2026-05-20T16:01:39.197+02:00  INFO 24484 --- [mesh.atlas] [restartedMain] o.f.core.internal.command.DbValidate     : Successfully validated 0 migrations (execution time 00:00.018s)
2026-05-20T16:01:39.197+02:00  WARN 24484 --- [mesh.atlas] [restartedMain] o.f.core.internal.command.DbValidate     : No migrations found. Are your locations set up correctly?
2026-05-20T16:01:39.256+02:00  INFO 24484 --- [mesh.atlas] [restartedMain] o.f.core.internal.command.DbMigrate      : Current version of schema "atlas": << Empty Schema >>
2026-05-20T16:01:39.260+02:00  INFO 24484 --- [mesh.atlas] [restartedMain] o.f.core.internal.command.DbMigrate      : Schema "atlas" is up to date. No migration necessary.
2026-05-20T16:01:39.380+02:00  INFO 24484 --- [mesh.atlas] [restartedMain] org.hibernate.orm.jpa                    : HHH008540: Processing PersistenceUnitInfo [name: default]
2026-05-20T16:01:39.470+02:00  INFO 24484 --- [mesh.atlas] [restartedMain] org.hibernate.orm.core                   : HHH000001: Hibernate ORM core version 7.2.12.Final
2026-05-20T16:01:40.017+02:00  INFO 24484 --- [mesh.atlas] [restartedMain] o.s.o.j.p.SpringPersistenceUnitInfo      : No LoadTimeWeaver setup: ignoring JPA class transformer
2026-05-20T16:01:40.092+02:00  WARN 24484 --- [mesh.atlas] [restartedMain] org.hibernate.orm.deprecation            : HHH90000025: PostgreSQLDialect does not need to be specified explicitly using 'hibernate.dialect' (remove the property setting and it will be selected by default)
2026-05-20T16:01:40.114+02:00  INFO 24484 --- [mesh.atlas] [restartedMain] org.hibernate.orm.connections.pooling    : HHH10001005: Database info:
	Database JDBC URL [jdbc:postgresql://postgresql.ww.local:5432/atlas]
	Database driver: PostgreSQL JDBC Driver
	Database dialect: PostgreSQLDialect
	Database version: 16.0
	Default catalog/schema: atlas/atlas
	Autocommit mode: undefined/unknown
	Isolation level: READ_COMMITTED [default READ_COMMITTED]
	JDBC fetch size: none
	Pool: DataSourceConnectionProvider
	Minimum pool size: undefined/unknown
	Maximum pool size: undefined/unknown
2026-05-20T16:01:40.584+02:00  INFO 24484 --- [mesh.atlas] [restartedMain] org.hibernate.orm.core                   : HHH000489: No JTA platform available (set 'hibernate.transaction.jta.platform' to enable JTA platform integration)
2026-05-20T16:01:40.594+02:00  INFO 24484 --- [mesh.atlas] [restartedMain] j.LocalContainerEntityManagerFactoryBean : Initialized JPA EntityManagerFactory for persistence unit 'default'
2026-05-20T16:01:40.946+02:00 DEBUG 24484 --- [mesh.atlas] [restartedMain] swordEncoderAuthenticationManagerBuilder : No authenticationProviders and no parentAuthenticationManager defined. Returning null.
2026-05-20T16:01:41.289+02:00 DEBUG 24484 --- [mesh.atlas] [restartedMain] o.s.s.web.DefaultSecurityFilterChain     : Will secure any request with filters: DisableEncodeUrlFilter, WebAsyncManagerIntegrationFilter, SecurityContextHolderFilter, HeaderWriterFilter, LogoutFilter, OAuth2ProtectedResourceMetadataFilter, BearerTokenAuthenticationFilter, AuthenticationFilter, RequestCacheAwareFilter, SecurityContextHolderAwareRequestFilter, AnonymousAuthenticationFilter, SessionManagementFilter, ExceptionTranslationFilter, AuthorizationFilter
2026-05-20T16:01:41.848+02:00  INFO 24484 --- [mesh.atlas] [restartedMain] o.a.t.util.net.NioEndpoint.certificate   : Connector [https-jsse-nio-8888], TLS virtual host [_default_], certificate type [UNDEFINED] configured from keystore [Set directly - location unknown] using alias [atlas] with trust store [null]
2026-05-20T16:01:41.870+02:00  INFO 24484 --- [mesh.atlas] [restartedMain] o.s.boot.tomcat.TomcatWebServer          : Tomcat started on port 8888 (https) with context path '/atlas'
2026-05-20T16:01:41.879+02:00  INFO 24484 --- [mesh.atlas] [restartedMain] pl.com.ww.mesh.atlas.Application         : Started Application in 5.521 seconds (process running for 6.487)
2026-05-20T16:01:52.279+02:00  INFO 24484 --- [mesh.atlas] [https-jsse-nio-8888-exec-5] o.a.c.c.C.[Tomcat].[localhost].[/atlas]  : Initializing Spring DispatcherServlet 'dispatcherServlet'
2026-05-20T16:01:52.280+02:00  INFO 24484 --- [mesh.atlas] [https-jsse-nio-8888-exec-5] o.s.web.servlet.DispatcherServlet        : Initializing Servlet 'dispatcherServlet'
2026-05-20T16:01:52.282+02:00  INFO 24484 --- [mesh.atlas] [https-jsse-nio-8888-exec-5] o.s.web.servlet.DispatcherServlet        : Completed initialization in 2 ms
2026-05-20T16:01:52.297+02:00 DEBUG 24484 --- [mesh.atlas] [https-jsse-nio-8888-exec-5] o.s.security.web.FilterChainProxy        : Securing GET /hello/wojtek
2026-05-20T16:01:52.755+02:00 DEBUG 24484 --- [mesh.atlas] [https-jsse-nio-8888-exec-5] o.s.s.o.s.r.a.JwtAuthenticationProvider  : Authenticated token
2026-05-20T16:01:52.756+02:00 DEBUG 24484 --- [mesh.atlas] [https-jsse-nio-8888-exec-5] .s.r.w.a.BearerTokenAuthenticationFilter : Set SecurityContextHolder to JwtAuthenticationToken [Principal=org.springframework.security.oauth2.jwt.Jwt@14888a92, Credentials=[PROTECTED], Authenticated=true, Details=WebAuthenticationDetails [RemoteIpAddress=127.0.0.1, SessionId=null], Granted Authorities=[ROLE_DEFAULT-ROLES-ATLAS, FactorGrantedAuthority [authority=FACTOR_BEARER, issuedAt=2026-05-20T14:01:52.754288600Z], ROLE_UMA_AUTHORIZATION, ROLE_OFFLINE_ACCESS]]
2026-05-20T16:01:52.761+02:00 DEBUG 24484 --- [mesh.atlas] [https-jsse-nio-8888-exec-5] o.s.security.web.FilterChainProxy        : Secured GET /hello/wojtek
2026-05-20T16:02:26.473+02:00  WARN 24484 --- [mesh.atlas] [HikariPool-1:housekeeper] com.zaxxer.hikari.pool.HikariPool        : HikariPool-1 - Thread starvation or clock leap detected (housekeeper delta=47s242ms663µs700ns).
2026-05-20T16:02:26.475+02:00  INFO 24484 --- [mesh.atlas] [https-jsse-nio-8888-exec-5] p.c.w.m.atlas.api.hello.HelloController  : a65ead9b-2a99-436c-9c6b-2b71e40d7a31
2026-05-20T16:06:51.162+02:00  WARN 24484 --- [mesh.atlas] [HikariPool-1:housekeeper] com.zaxxer.hikari.pool.PoolBase          : HikariPool-1 - Failed to validate connection org.postgresql.jdbc.PgConnection@3716aeb4 (This connection has been closed.). Possibly consider using a shorter maxLifetime value.
2026-05-20T16:08:02.888+02:00  INFO 24484 --- [mesh.atlas] [SpringApplicationShutdownHook] o.s.boot.tomcat.GracefulShutdown         : Commencing graceful shutdown. Waiting for active requests to complete
2026-05-20T16:08:02.909+02:00  INFO 24484 --- [mesh.atlas] [tomcat-shutdown] o.s.boot.tomcat.GracefulShutdown         : Graceful shutdown complete
2026-05-20T16:08:02.917+02:00  INFO 24484 --- [mesh.atlas] [SpringApplicationShutdownHook] j.LocalContainerEntityManagerFactoryBean : Closing JPA EntityManagerFactory for persistence unit 'default'
2026-05-20T16:08:02.921+02:00  INFO 24484 --- [mesh.atlas] [SpringApplicationShutdownHook] com.zaxxer.hikari.HikariDataSource       : HikariPool-1 - Shutdown initiated...
2026-05-20T16:08:02.923+02:00  INFO 24484 --- [mesh.atlas] [SpringApplicationShutdownHook] com.zaxxer.hikari.HikariDataSource       : HikariPool-1 - Shutdown completed.
2026-05-20T16:08:07.706+02:00  INFO 29340 --- [mesh.atlas] [restartedMain] pl.com.ww.mesh.atlas.Application         : Starting Application using Java 21 with PID 29340 (C:\DEV\mesh-atlas\backend\target\classes started by wwalc in C:\DEV\mesh-atlas)
2026-05-20T16:08:07.709+02:00 DEBUG 29340 --- [mesh.atlas] [restartedMain] pl.com.ww.mesh.atlas.Application         : Running with Spring Boot v4.0.6, Spring v7.0.7
2026-05-20T16:08:07.710+02:00  INFO 29340 --- [mesh.atlas] [restartedMain] pl.com.ww.mesh.atlas.Application         : The following 1 profile is active: "dev"
2026-05-20T16:08:07.752+02:00  INFO 29340 --- [mesh.atlas] [restartedMain] .e.DevToolsPropertyDefaultsPostProcessor : Devtools property defaults active! Set 'spring.devtools.add-properties' to 'false' to disable
2026-05-20T16:08:07.753+02:00  INFO 29340 --- [mesh.atlas] [restartedMain] .e.DevToolsPropertyDefaultsPostProcessor : For additional web related logging consider setting the 'logging.level.web' property to 'DEBUG'
2026-05-20T16:08:08.466+02:00  INFO 29340 --- [mesh.atlas] [restartedMain] .s.d.r.c.RepositoryConfigurationDelegate : Bootstrapping Spring Data JPA repositories in DEFAULT mode.
2026-05-20T16:08:08.490+02:00  INFO 29340 --- [mesh.atlas] [restartedMain] .s.d.r.c.RepositoryConfigurationDelegate : Finished Spring Data repository scanning in 14 ms. Found 0 JPA repository interfaces.
2026-05-20T16:08:09.149+02:00  INFO 29340 --- [mesh.atlas] [restartedMain] o.s.boot.tomcat.TomcatWebServer          : Tomcat initialized with port 8888 (https)
2026-05-20T16:08:09.168+02:00  INFO 29340 --- [mesh.atlas] [restartedMain] o.apache.catalina.core.StandardService   : Starting service [Tomcat]
2026-05-20T16:08:09.168+02:00  INFO 29340 --- [mesh.atlas] [restartedMain] o.apache.catalina.core.StandardEngine    : Starting Servlet engine: [Apache Tomcat/11.0.21]
2026-05-20T16:08:09.225+02:00  INFO 29340 --- [mesh.atlas] [restartedMain] b.w.c.s.WebApplicationContextInitializer : Root WebApplicationContext: initialization completed in 1472 ms
2026-05-20T16:08:10.006+02:00  INFO 29340 --- [mesh.atlas] [restartedMain] com.zaxxer.hikari.HikariDataSource       : HikariPool-1 - Starting...
2026-05-20T16:08:10.224+02:00  INFO 29340 --- [mesh.atlas] [restartedMain] com.zaxxer.hikari.pool.HikariPool        : HikariPool-1 - Added connection org.postgresql.jdbc.PgConnection@6a5dc392
2026-05-20T16:08:10.227+02:00  INFO 29340 --- [mesh.atlas] [restartedMain] com.zaxxer.hikari.HikariDataSource       : HikariPool-1 - Start completed.
2026-05-20T16:08:10.263+02:00  INFO 29340 --- [mesh.atlas] [restartedMain] org.flywaydb.core.FlywayExecutor         : Database: jdbc:postgresql://postgresql.ww.local:5432/atlas (PostgreSQL 16.0)
2026-05-20T16:08:10.302+02:00  INFO 29340 --- [mesh.atlas] [restartedMain] o.f.core.internal.command.DbValidate     : Successfully validated 0 migrations (execution time 00:00.014s)
2026-05-20T16:08:10.302+02:00  WARN 29340 --- [mesh.atlas] [restartedMain] o.f.core.internal.command.DbValidate     : No migrations found. Are your locations set up correctly?
2026-05-20T16:08:10.363+02:00  INFO 29340 --- [mesh.atlas] [restartedMain] o.f.core.internal.command.DbMigrate      : Current version of schema "atlas": << Empty Schema >>
2026-05-20T16:08:10.368+02:00  INFO 29340 --- [mesh.atlas] [restartedMain] o.f.core.internal.command.DbMigrate      : Schema "atlas" is up to date. No migration necessary.
2026-05-20T16:08:10.492+02:00  INFO 29340 --- [mesh.atlas] [restartedMain] org.hibernate.orm.jpa                    : HHH008540: Processing PersistenceUnitInfo [name: default]
2026-05-20T16:08:10.582+02:00  INFO 29340 --- [mesh.atlas] [restartedMain] org.hibernate.orm.core                   : HHH000001: Hibernate ORM core version 7.2.12.Final
2026-05-20T16:08:11.220+02:00  INFO 29340 --- [mesh.atlas] [restartedMain] o.s.o.j.p.SpringPersistenceUnitInfo      : No LoadTimeWeaver setup: ignoring JPA class transformer
2026-05-20T16:08:11.316+02:00  WARN 29340 --- [mesh.atlas] [restartedMain] org.hibernate.orm.deprecation            : HHH90000025: PostgreSQLDialect does not need to be specified explicitly using 'hibernate.dialect' (remove the property setting and it will be selected by default)
2026-05-20T16:08:11.345+02:00  INFO 29340 --- [mesh.atlas] [restartedMain] org.hibernate.orm.connections.pooling    : HHH10001005: Database info:
	Database JDBC URL [jdbc:postgresql://postgresql.ww.local:5432/atlas]
	Database driver: PostgreSQL JDBC Driver
	Database dialect: PostgreSQLDialect
	Database version: 16.0
	Default catalog/schema: atlas/atlas
	Autocommit mode: undefined/unknown
	Isolation level: READ_COMMITTED [default READ_COMMITTED]
	JDBC fetch size: none
	Pool: DataSourceConnectionProvider
	Minimum pool size: undefined/unknown
	Maximum pool size: undefined/unknown
2026-05-20T16:08:11.916+02:00  INFO 29340 --- [mesh.atlas] [restartedMain] org.hibernate.orm.core                   : HHH000489: No JTA platform available (set 'hibernate.transaction.jta.platform' to enable JTA platform integration)
2026-05-20T16:08:11.927+02:00  INFO 29340 --- [mesh.atlas] [restartedMain] j.LocalContainerEntityManagerFactoryBean : Initialized JPA EntityManagerFactory for persistence unit 'default'
2026-05-20T16:08:12.299+02:00 DEBUG 29340 --- [mesh.atlas] [restartedMain] swordEncoderAuthenticationManagerBuilder : No authenticationProviders and no parentAuthenticationManager defined. Returning null.
2026-05-20T16:08:12.668+02:00 DEBUG 29340 --- [mesh.atlas] [restartedMain] o.s.s.web.DefaultSecurityFilterChain     : Will secure any request with filters: DisableEncodeUrlFilter, WebAsyncManagerIntegrationFilter, SecurityContextHolderFilter, HeaderWriterFilter, LogoutFilter, OAuth2ProtectedResourceMetadataFilter, BearerTokenAuthenticationFilter, AuthenticationFilter, RequestCacheAwareFilter, SecurityContextHolderAwareRequestFilter, AnonymousAuthenticationFilter, SessionManagementFilter, ExceptionTranslationFilter, AuthorizationFilter
2026-05-20T16:08:13.279+02:00  INFO 29340 --- [mesh.atlas] [restartedMain] o.a.t.util.net.NioEndpoint.certificate   : Connector [https-jsse-nio-8888], TLS virtual host [_default_], certificate type [UNDEFINED] configured from keystore [Set directly - location unknown] using alias [atlas] with trust store [null]
2026-05-20T16:08:13.291+02:00  INFO 29340 --- [mesh.atlas] [restartedMain] o.s.boot.tomcat.TomcatWebServer          : Tomcat started on port 8888 (https) with context path '/atlas'
2026-05-20T16:08:13.298+02:00  INFO 29340 --- [mesh.atlas] [restartedMain] pl.com.ww.mesh.atlas.Application         : Started Application in 6.13 seconds (process running for 7.032)
2026-05-20T16:08:33.293+02:00  INFO 29340 --- [mesh.atlas] [https-jsse-nio-8888-exec-5] o.a.c.c.C.[Tomcat].[localhost].[/atlas]  : Initializing Spring DispatcherServlet 'dispatcherServlet'
2026-05-20T16:08:33.293+02:00  INFO 29340 --- [mesh.atlas] [https-jsse-nio-8888-exec-5] o.s.web.servlet.DispatcherServlet        : Initializing Servlet 'dispatcherServlet'
2026-05-20T16:08:33.295+02:00  INFO 29340 --- [mesh.atlas] [https-jsse-nio-8888-exec-5] o.s.web.servlet.DispatcherServlet        : Completed initialization in 2 ms
2026-05-20T16:08:33.309+02:00 DEBUG 29340 --- [mesh.atlas] [https-jsse-nio-8888-exec-5] o.s.security.web.FilterChainProxy        : Securing GET /hello/wojtek
2026-05-20T16:08:33.641+02:00 DEBUG 29340 --- [mesh.atlas] [https-jsse-nio-8888-exec-5] o.s.s.o.s.r.a.JwtAuthenticationProvider  : Authenticated token
2026-05-20T16:08:33.643+02:00 DEBUG 29340 --- [mesh.atlas] [https-jsse-nio-8888-exec-5] .s.r.w.a.BearerTokenAuthenticationFilter : Set SecurityContextHolder to JwtAuthenticationToken [Principal=org.springframework.security.oauth2.jwt.Jwt@7bce448a, Credentials=[PROTECTED], Authenticated=true, Details=WebAuthenticationDetails [RemoteIpAddress=127.0.0.1, SessionId=null], Granted Authorities=[ROLE_DEFAULT-ROLES-ATLAS, ROLE_UMA_AUTHORIZATION, ROLE_OFFLINE_ACCESS, FactorGrantedAuthority [authority=FACTOR_BEARER, issuedAt=2026-05-20T14:08:33.640112400Z]]]
2026-05-20T16:08:33.646+02:00 DEBUG 29340 --- [mesh.atlas] [https-jsse-nio-8888-exec-5] o.s.security.web.FilterChainProxy        : Secured GET /hello/wojtek
2026-05-20T16:09:10.052+02:00  WARN 29340 --- [mesh.atlas] [HikariPool-1:housekeeper] com.zaxxer.hikari.pool.HikariPool        : HikariPool-1 - Thread starvation or clock leap detected (housekeeper delta=59s717ms736µs600ns).
2026-05-20T16:09:10.054+02:00  INFO 29340 --- [mesh.atlas] [https-jsse-nio-8888-exec-5] p.c.w.m.atlas.api.hello.HelloController  : a65ead9b-2a99-436c-9c6b-2b71e40d7a31
2026-05-20T16:12:44.307+02:00  INFO 29340 --- [mesh.atlas] [SpringApplicationShutdownHook] o.s.boot.tomcat.GracefulShutdown         : Commencing graceful shutdown. Waiting for active requests to complete
2026-05-20T16:12:44.314+02:00  INFO 29340 --- [mesh.atlas] [tomcat-shutdown] o.s.boot.tomcat.GracefulShutdown         : Graceful shutdown complete
2026-05-20T16:12:44.320+02:00  INFO 29340 --- [mesh.atlas] [SpringApplicationShutdownHook] j.LocalContainerEntityManagerFactoryBean : Closing JPA EntityManagerFactory for persistence unit 'default'
2026-05-20T16:12:44.323+02:00  INFO 29340 --- [mesh.atlas] [SpringApplicationShutdownHook] com.zaxxer.hikari.HikariDataSource       : HikariPool-1 - Shutdown initiated...
2026-05-20T16:12:44.324+02:00  INFO 29340 --- [mesh.atlas] [SpringApplicationShutdownHook] com.zaxxer.hikari.HikariDataSource       : HikariPool-1 - Shutdown completed.
2026-05-20T16:13:01.754+02:00  INFO 23760 --- [mesh.atlas] [restartedMain] pl.com.ww.mesh.atlas.Application         : Starting Application using Java 21 with PID 23760 (C:\DEV\mesh-atlas\backend\target\classes started by wwalc in C:\DEV\mesh-atlas)
2026-05-20T16:13:01.758+02:00 DEBUG 23760 --- [mesh.atlas] [restartedMain] pl.com.ww.mesh.atlas.Application         : Running with Spring Boot v4.0.6, Spring v7.0.7
2026-05-20T16:13:01.759+02:00  INFO 23760 --- [mesh.atlas] [restartedMain] pl.com.ww.mesh.atlas.Application         : The following 1 profile is active: "dev"
2026-05-20T16:13:01.806+02:00  INFO 23760 --- [mesh.atlas] [restartedMain] .e.DevToolsPropertyDefaultsPostProcessor : Devtools property defaults active! Set 'spring.devtools.add-properties' to 'false' to disable
2026-05-20T16:13:01.806+02:00  INFO 23760 --- [mesh.atlas] [restartedMain] .e.DevToolsPropertyDefaultsPostProcessor : For additional web related logging consider setting the 'logging.level.web' property to 'DEBUG'
2026-05-20T16:13:02.531+02:00  INFO 23760 --- [mesh.atlas] [restartedMain] .s.d.r.c.RepositoryConfigurationDelegate : Bootstrapping Spring Data JPA repositories in DEFAULT mode.
2026-05-20T16:13:02.551+02:00  INFO 23760 --- [mesh.atlas] [restartedMain] .s.d.r.c.RepositoryConfigurationDelegate : Finished Spring Data repository scanning in 11 ms. Found 0 JPA repository interfaces.
2026-05-20T16:13:03.244+02:00  INFO 23760 --- [mesh.atlas] [restartedMain] o.s.boot.tomcat.TomcatWebServer          : Tomcat initialized with port 8888 (https)
2026-05-20T16:13:03.263+02:00  INFO 23760 --- [mesh.atlas] [restartedMain] o.apache.catalina.core.StandardService   : Starting service [Tomcat]
2026-05-20T16:13:03.263+02:00  INFO 23760 --- [mesh.atlas] [restartedMain] o.apache.catalina.core.StandardEngine    : Starting Servlet engine: [Apache Tomcat/11.0.21]
2026-05-20T16:13:03.315+02:00  INFO 23760 --- [mesh.atlas] [restartedMain] b.w.c.s.WebApplicationContextInitializer : Root WebApplicationContext: initialization completed in 1509 ms
2026-05-20T16:13:03.865+02:00  INFO 23760 --- [mesh.atlas] [restartedMain] com.zaxxer.hikari.HikariDataSource       : HikariPool-1 - Starting...
2026-05-20T16:13:04.053+02:00  INFO 23760 --- [mesh.atlas] [restartedMain] com.zaxxer.hikari.pool.HikariPool        : HikariPool-1 - Added connection org.postgresql.jdbc.PgConnection@66e9c784
2026-05-20T16:13:04.056+02:00  INFO 23760 --- [mesh.atlas] [restartedMain] com.zaxxer.hikari.HikariDataSource       : HikariPool-1 - Start completed.
2026-05-20T16:13:04.090+02:00  INFO 23760 --- [mesh.atlas] [restartedMain] org.flywaydb.core.FlywayExecutor         : Database: jdbc:postgresql://postgresql.ww.local:5432/atlas (PostgreSQL 16.0)
2026-05-20T16:13:04.131+02:00  INFO 23760 --- [mesh.atlas] [restartedMain] o.f.core.internal.command.DbValidate     : Successfully validated 0 migrations (execution time 00:00.017s)
2026-05-20T16:13:04.131+02:00  WARN 23760 --- [mesh.atlas] [restartedMain] o.f.core.internal.command.DbValidate     : No migrations found. Are your locations set up correctly?
2026-05-20T16:13:04.187+02:00  INFO 23760 --- [mesh.atlas] [restartedMain] o.f.core.internal.command.DbMigrate      : Current version of schema "atlas": << Empty Schema >>
2026-05-20T16:13:04.191+02:00  INFO 23760 --- [mesh.atlas] [restartedMain] o.f.core.internal.command.DbMigrate      : Schema "atlas" is up to date. No migration necessary.
2026-05-20T16:13:04.283+02:00  INFO 23760 --- [mesh.atlas] [restartedMain] org.hibernate.orm.jpa                    : HHH008540: Processing PersistenceUnitInfo [name: default]
2026-05-20T16:13:04.351+02:00  INFO 23760 --- [mesh.atlas] [restartedMain] org.hibernate.orm.core                   : HHH000001: Hibernate ORM core version 7.2.12.Final
2026-05-20T16:13:04.901+02:00  INFO 23760 --- [mesh.atlas] [restartedMain] o.s.o.j.p.SpringPersistenceUnitInfo      : No LoadTimeWeaver setup: ignoring JPA class transformer
2026-05-20T16:13:04.964+02:00  WARN 23760 --- [mesh.atlas] [restartedMain] org.hibernate.orm.deprecation            : HHH90000025: PostgreSQLDialect does not need to be specified explicitly using 'hibernate.dialect' (remove the property setting and it will be selected by default)
2026-05-20T16:13:04.985+02:00  INFO 23760 --- [mesh.atlas] [restartedMain] org.hibernate.orm.connections.pooling    : HHH10001005: Database info:
	Database JDBC URL [jdbc:postgresql://postgresql.ww.local:5432/atlas]
	Database driver: PostgreSQL JDBC Driver
	Database dialect: PostgreSQLDialect
	Database version: 16.0
	Default catalog/schema: atlas/atlas
	Autocommit mode: undefined/unknown
	Isolation level: READ_COMMITTED [default READ_COMMITTED]
	JDBC fetch size: none
	Pool: DataSourceConnectionProvider
	Minimum pool size: undefined/unknown
	Maximum pool size: undefined/unknown
2026-05-20T16:13:05.410+02:00  INFO 23760 --- [mesh.atlas] [restartedMain] org.hibernate.orm.core                   : HHH000489: No JTA platform available (set 'hibernate.transaction.jta.platform' to enable JTA platform integration)
2026-05-20T16:13:05.420+02:00  INFO 23760 --- [mesh.atlas] [restartedMain] j.LocalContainerEntityManagerFactoryBean : Initialized JPA EntityManagerFactory for persistence unit 'default'
2026-05-20T16:13:05.892+02:00 DEBUG 23760 --- [mesh.atlas] [restartedMain] swordEncoderAuthenticationManagerBuilder : No authenticationProviders and no parentAuthenticationManager defined. Returning null.
2026-05-20T16:13:06.197+02:00 DEBUG 23760 --- [mesh.atlas] [restartedMain] o.s.s.web.DefaultSecurityFilterChain     : Will secure any request with filters: DisableEncodeUrlFilter, WebAsyncManagerIntegrationFilter, SecurityContextHolderFilter, HeaderWriterFilter, LogoutFilter, OAuth2ProtectedResourceMetadataFilter, BearerTokenAuthenticationFilter, AuthenticationFilter, RequestCacheAwareFilter, SecurityContextHolderAwareRequestFilter, AnonymousAuthenticationFilter, SessionManagementFilter, ExceptionTranslationFilter, AuthorizationFilter
2026-05-20T16:13:06.834+02:00  INFO 23760 --- [mesh.atlas] [restartedMain] o.a.t.util.net.NioEndpoint.certificate   : Connector [https-jsse-nio-8888], TLS virtual host [_default_], certificate type [UNDEFINED] configured from keystore [Set directly - location unknown] using alias [atlas] with trust store [null]
2026-05-20T16:13:06.848+02:00  INFO 23760 --- [mesh.atlas] [restartedMain] o.s.boot.tomcat.TomcatWebServer          : Tomcat started on port 8888 (https) with context path '/atlas'
2026-05-20T16:13:06.855+02:00  INFO 23760 --- [mesh.atlas] [restartedMain] pl.com.ww.mesh.atlas.Application         : Started Application in 5.649 seconds (process running for 6.558)
2026-05-20T16:15:17.794+02:00  INFO 23760 --- [mesh.atlas] [https-jsse-nio-8888-exec-6] o.a.c.c.C.[Tomcat].[localhost].[/atlas]  : Initializing Spring DispatcherServlet 'dispatcherServlet'
2026-05-20T16:15:17.795+02:00  INFO 23760 --- [mesh.atlas] [https-jsse-nio-8888-exec-6] o.s.web.servlet.DispatcherServlet        : Initializing Servlet 'dispatcherServlet'
2026-05-20T16:15:17.798+02:00  INFO 23760 --- [mesh.atlas] [https-jsse-nio-8888-exec-6] o.s.web.servlet.DispatcherServlet        : Completed initialization in 2 ms
2026-05-20T16:15:17.810+02:00 DEBUG 23760 --- [mesh.atlas] [https-jsse-nio-8888-exec-6] o.s.security.web.FilterChainProxy        : Securing GET /hello/wojtek
2026-05-20T16:15:18.165+02:00 DEBUG 23760 --- [mesh.atlas] [https-jsse-nio-8888-exec-6] o.s.s.o.s.r.a.JwtAuthenticationProvider  : Authenticated token
2026-05-20T16:15:18.167+02:00 DEBUG 23760 --- [mesh.atlas] [https-jsse-nio-8888-exec-6] .s.r.w.a.BearerTokenAuthenticationFilter : Set SecurityContextHolder to JwtAuthenticationToken [Principal=org.springframework.security.oauth2.jwt.Jwt@2998e7c5, Credentials=[PROTECTED], Authenticated=true, Details=WebAuthenticationDetails [RemoteIpAddress=127.0.0.1, SessionId=null], Granted Authorities=[ROLE_DEFAULT-ROLES-ATLAS, ROLE_UMA_AUTHORIZATION, FactorGrantedAuthority [authority=FACTOR_BEARER, issuedAt=2026-05-20T14:15:18.164125800Z], ROLE_OFFLINE_ACCESS]]
2026-05-20T16:15:18.172+02:00 DEBUG 23760 --- [mesh.atlas] [https-jsse-nio-8888-exec-6] o.s.security.web.FilterChainProxy        : Secured GET /hello/wojtek
2026-05-20T16:15:18.284+02:00 DEBUG 23760 --- [mesh.atlas] [https-jsse-nio-8888-exec-6] horizationManagerBeforeMethodInterceptor : Authorizing method invocation ReflectiveMethodInvocation: public java.lang.String pl.com.ww.mesh.atlas.api.hello.HelloController.sayHello(java.lang.String); target is of class [pl.com.ww.mesh.atlas.api.hello.HelloController]
2026-05-20T16:15:18.338+02:00 DEBUG 23760 --- [mesh.atlas] [https-jsse-nio-8888-exec-6] horizationManagerBeforeMethodInterceptor : Failed to authorize ReflectiveMethodInvocation: public java.lang.String pl.com.ww.mesh.atlas.api.hello.HelloController.sayHello(java.lang.String); target is of class [pl.com.ww.mesh.atlas.api.hello.HelloController] with authorization manager org.springframework.security.authorization.method.PreAuthorizeAuthorizationManager@5c34cdc and result ExpressionAuthorizationDecision [granted=false, expressionAttribute=hasRole('ATLAS_USER')]
2026-05-20T16:15:44.551+02:00  INFO 23760 --- [mesh.atlas] [SpringApplicationShutdownHook] o.s.boot.tomcat.GracefulShutdown         : Commencing graceful shutdown. Waiting for active requests to complete
2026-05-20T16:15:44.559+02:00  INFO 23760 --- [mesh.atlas] [tomcat-shutdown] o.s.boot.tomcat.GracefulShutdown         : Graceful shutdown complete
2026-05-20T16:15:44.567+02:00  INFO 23760 --- [mesh.atlas] [SpringApplicationShutdownHook] j.LocalContainerEntityManagerFactoryBean : Closing JPA EntityManagerFactory for persistence unit 'default'
2026-05-20T16:15:44.570+02:00  INFO 23760 --- [mesh.atlas] [SpringApplicationShutdownHook] com.zaxxer.hikari.HikariDataSource       : HikariPool-1 - Shutdown initiated...
2026-05-20T16:15:44.572+02:00  INFO 23760 --- [mesh.atlas] [SpringApplicationShutdownHook] com.zaxxer.hikari.HikariDataSource       : HikariPool-1 - Shutdown completed.
2026-05-20T16:15:49.298+02:00  INFO 23352 --- [mesh.atlas] [restartedMain] pl.com.ww.mesh.atlas.Application         : Starting Application using Java 21 with PID 23352 (C:\DEV\mesh-atlas\backend\target\classes started by wwalc in C:\DEV\mesh-atlas)
2026-05-20T16:15:49.300+02:00 DEBUG 23352 --- [mesh.atlas] [restartedMain] pl.com.ww.mesh.atlas.Application         : Running with Spring Boot v4.0.6, Spring v7.0.7
2026-05-20T16:15:49.301+02:00  INFO 23352 --- [mesh.atlas] [restartedMain] pl.com.ww.mesh.atlas.Application         : The following 1 profile is active: "dev"
2026-05-20T16:15:49.344+02:00  INFO 23352 --- [mesh.atlas] [restartedMain] .e.DevToolsPropertyDefaultsPostProcessor : Devtools property defaults active! Set 'spring.devtools.add-properties' to 'false' to disable
2026-05-20T16:15:49.344+02:00  INFO 23352 --- [mesh.atlas] [restartedMain] .e.DevToolsPropertyDefaultsPostProcessor : For additional web related logging consider setting the 'logging.level.web' property to 'DEBUG'
2026-05-20T16:15:50.088+02:00  INFO 23352 --- [mesh.atlas] [restartedMain] .s.d.r.c.RepositoryConfigurationDelegate : Bootstrapping Spring Data JPA repositories in DEFAULT mode.
2026-05-20T16:15:50.107+02:00  INFO 23352 --- [mesh.atlas] [restartedMain] .s.d.r.c.RepositoryConfigurationDelegate : Finished Spring Data repository scanning in 11 ms. Found 0 JPA repository interfaces.
2026-05-20T16:15:50.723+02:00  INFO 23352 --- [mesh.atlas] [restartedMain] o.s.boot.tomcat.TomcatWebServer          : Tomcat initialized with port 8888 (https)
2026-05-20T16:15:50.737+02:00  INFO 23352 --- [mesh.atlas] [restartedMain] o.apache.catalina.core.StandardService   : Starting service [Tomcat]
2026-05-20T16:15:50.737+02:00  INFO 23352 --- [mesh.atlas] [restartedMain] o.apache.catalina.core.StandardEngine    : Starting Servlet engine: [Apache Tomcat/11.0.21]
2026-05-20T16:15:50.773+02:00  INFO 23352 --- [mesh.atlas] [restartedMain] b.w.c.s.WebApplicationContextInitializer : Root WebApplicationContext: initialization completed in 1428 ms
2026-05-20T16:15:51.165+02:00  INFO 23352 --- [mesh.atlas] [restartedMain] com.zaxxer.hikari.HikariDataSource       : HikariPool-1 - Starting...
2026-05-20T16:15:51.321+02:00  INFO 23352 --- [mesh.atlas] [restartedMain] com.zaxxer.hikari.pool.HikariPool        : HikariPool-1 - Added connection org.postgresql.jdbc.PgConnection@42dc63ff
2026-05-20T16:15:51.322+02:00  INFO 23352 --- [mesh.atlas] [restartedMain] com.zaxxer.hikari.HikariDataSource       : HikariPool-1 - Start completed.
2026-05-20T16:15:51.348+02:00  INFO 23352 --- [mesh.atlas] [restartedMain] org.flywaydb.core.FlywayExecutor         : Database: jdbc:postgresql://postgresql.ww.local:5432/atlas (PostgreSQL 16.0)
2026-05-20T16:15:51.383+02:00  INFO 23352 --- [mesh.atlas] [restartedMain] o.f.core.internal.command.DbValidate     : Successfully validated 0 migrations (execution time 00:00.015s)
2026-05-20T16:15:51.383+02:00  WARN 23352 --- [mesh.atlas] [restartedMain] o.f.core.internal.command.DbValidate     : No migrations found. Are your locations set up correctly?
2026-05-20T16:15:51.443+02:00  INFO 23352 --- [mesh.atlas] [restartedMain] o.f.core.internal.command.DbMigrate      : Current version of schema "atlas": << Empty Schema >>
2026-05-20T16:15:51.447+02:00  INFO 23352 --- [mesh.atlas] [restartedMain] o.f.core.internal.command.DbMigrate      : Schema "atlas" is up to date. No migration necessary.
2026-05-20T16:15:51.537+02:00  INFO 23352 --- [mesh.atlas] [restartedMain] org.hibernate.orm.jpa                    : HHH008540: Processing PersistenceUnitInfo [name: default]
2026-05-20T16:15:51.592+02:00  INFO 23352 --- [mesh.atlas] [restartedMain] org.hibernate.orm.core                   : HHH000001: Hibernate ORM core version 7.2.12.Final
2026-05-20T16:15:52.091+02:00  INFO 23352 --- [mesh.atlas] [restartedMain] o.s.o.j.p.SpringPersistenceUnitInfo      : No LoadTimeWeaver setup: ignoring JPA class transformer
2026-05-20T16:15:52.150+02:00  WARN 23352 --- [mesh.atlas] [restartedMain] org.hibernate.orm.deprecation            : HHH90000025: PostgreSQLDialect does not need to be specified explicitly using 'hibernate.dialect' (remove the property setting and it will be selected by default)
2026-05-20T16:15:52.168+02:00  INFO 23352 --- [mesh.atlas] [restartedMain] org.hibernate.orm.connections.pooling    : HHH10001005: Database info:
	Database JDBC URL [jdbc:postgresql://postgresql.ww.local:5432/atlas]
	Database driver: PostgreSQL JDBC Driver
	Database dialect: PostgreSQLDialect
	Database version: 16.0
	Default catalog/schema: atlas/atlas
	Autocommit mode: undefined/unknown
	Isolation level: READ_COMMITTED [default READ_COMMITTED]
	JDBC fetch size: none
	Pool: DataSourceConnectionProvider
	Minimum pool size: undefined/unknown
	Maximum pool size: undefined/unknown
2026-05-20T16:15:52.552+02:00  INFO 23352 --- [mesh.atlas] [restartedMain] org.hibernate.orm.core                   : HHH000489: No JTA platform available (set 'hibernate.transaction.jta.platform' to enable JTA platform integration)
2026-05-20T16:15:52.561+02:00  INFO 23352 --- [mesh.atlas] [restartedMain] j.LocalContainerEntityManagerFactoryBean : Initialized JPA EntityManagerFactory for persistence unit 'default'
2026-05-20T16:15:53.039+02:00 DEBUG 23352 --- [mesh.atlas] [restartedMain] swordEncoderAuthenticationManagerBuilder : No authenticationProviders and no parentAuthenticationManager defined. Returning null.
2026-05-20T16:15:53.358+02:00 DEBUG 23352 --- [mesh.atlas] [restartedMain] o.s.s.web.DefaultSecurityFilterChain     : Will secure any request with filters: DisableEncodeUrlFilter, WebAsyncManagerIntegrationFilter, SecurityContextHolderFilter, HeaderWriterFilter, LogoutFilter, OAuth2ProtectedResourceMetadataFilter, BearerTokenAuthenticationFilter, AuthenticationFilter, RequestCacheAwareFilter, SecurityContextHolderAwareRequestFilter, AnonymousAuthenticationFilter, SessionManagementFilter, ExceptionTranslationFilter, AuthorizationFilter
2026-05-20T16:15:53.985+02:00  INFO 23352 --- [mesh.atlas] [restartedMain] o.a.t.util.net.NioEndpoint.certificate   : Connector [https-jsse-nio-8888], TLS virtual host [_default_], certificate type [UNDEFINED] configured from keystore [Set directly - location unknown] using alias [atlas] with trust store [null]
2026-05-20T16:15:53.998+02:00  INFO 23352 --- [mesh.atlas] [restartedMain] o.s.boot.tomcat.TomcatWebServer          : Tomcat started on port 8888 (https) with context path '/atlas'
2026-05-20T16:15:54.005+02:00  INFO 23352 --- [mesh.atlas] [restartedMain] pl.com.ww.mesh.atlas.Application         : Started Application in 5.253 seconds (process running for 6.11)
2026-05-20T16:16:24.586+02:00  INFO 23352 --- [mesh.atlas] [https-jsse-nio-8888-exec-4] o.a.c.c.C.[Tomcat].[localhost].[/atlas]  : Initializing Spring DispatcherServlet 'dispatcherServlet'
2026-05-20T16:16:24.587+02:00  INFO 23352 --- [mesh.atlas] [https-jsse-nio-8888-exec-4] o.s.web.servlet.DispatcherServlet        : Initializing Servlet 'dispatcherServlet'
2026-05-20T16:16:24.589+02:00  INFO 23352 --- [mesh.atlas] [https-jsse-nio-8888-exec-4] o.s.web.servlet.DispatcherServlet        : Completed initialization in 2 ms
2026-05-20T16:16:24.603+02:00 DEBUG 23352 --- [mesh.atlas] [https-jsse-nio-8888-exec-4] o.s.security.web.FilterChainProxy        : Securing GET /hello/wojtek
2026-05-20T16:16:24.953+02:00 DEBUG 23352 --- [mesh.atlas] [https-jsse-nio-8888-exec-4] o.s.s.o.s.r.a.JwtAuthenticationProvider  : Authenticated token
2026-05-20T16:16:24.954+02:00 DEBUG 23352 --- [mesh.atlas] [https-jsse-nio-8888-exec-4] .s.r.w.a.BearerTokenAuthenticationFilter : Set SecurityContextHolder to JwtAuthenticationToken [Principal=org.springframework.security.oauth2.jwt.Jwt@d1d5379d, Credentials=[PROTECTED], Authenticated=true, Details=WebAuthenticationDetails [RemoteIpAddress=127.0.0.1, SessionId=null], Granted Authorities=[ROLE_DEFAULT-ROLES-ATLAS, FactorGrantedAuthority [authority=FACTOR_BEARER, issuedAt=2026-05-20T14:16:24.951542400Z], ROLE_UMA_AUTHORIZATION, ROLE_OFFLINE_ACCESS]]
2026-05-20T16:16:24.958+02:00 DEBUG 23352 --- [mesh.atlas] [https-jsse-nio-8888-exec-4] o.s.security.web.FilterChainProxy        : Secured GET /hello/wojtek
2026-05-20T16:16:25.069+02:00 DEBUG 23352 --- [mesh.atlas] [https-jsse-nio-8888-exec-4] horizationManagerBeforeMethodInterceptor : Authorizing method invocation ReflectiveMethodInvocation: public java.lang.String pl.com.ww.mesh.atlas.api.hello.HelloController.sayHello(java.lang.String); target is of class [pl.com.ww.mesh.atlas.api.hello.HelloController]
2026-05-20T16:16:25.106+02:00 DEBUG 23352 --- [mesh.atlas] [https-jsse-nio-8888-exec-4] horizationManagerBeforeMethodInterceptor : Failed to authorize ReflectiveMethodInvocation: public java.lang.String pl.com.ww.mesh.atlas.api.hello.HelloController.sayHello(java.lang.String); target is of class [pl.com.ww.mesh.atlas.api.hello.HelloController] with authorization manager org.springframework.security.authorization.method.PreAuthorizeAuthorizationManager@781fe73c and result ExpressionAuthorizationDecision [granted=false, expressionAttribute=hasRole('atlas_user')]
2026-05-20T16:16:41.482+02:00  INFO 23352 --- [mesh.atlas] [SpringApplicationShutdownHook] o.s.boot.tomcat.GracefulShutdown         : Commencing graceful shutdown. Waiting for active requests to complete
2026-05-20T16:16:41.489+02:00  INFO 23352 --- [mesh.atlas] [tomcat-shutdown] o.s.boot.tomcat.GracefulShutdown         : Graceful shutdown complete
2026-05-20T16:16:41.495+02:00  INFO 23352 --- [mesh.atlas] [SpringApplicationShutdownHook] j.LocalContainerEntityManagerFactoryBean : Closing JPA EntityManagerFactory for persistence unit 'default'
2026-05-20T16:16:41.498+02:00  INFO 23352 --- [mesh.atlas] [SpringApplicationShutdownHook] com.zaxxer.hikari.HikariDataSource       : HikariPool-1 - Shutdown initiated...
2026-05-20T16:16:41.500+02:00  INFO 23352 --- [mesh.atlas] [SpringApplicationShutdownHook] com.zaxxer.hikari.HikariDataSource       : HikariPool-1 - Shutdown completed.
2026-05-20T16:16:46.503+02:00  INFO 10108 --- [mesh.atlas] [restartedMain] pl.com.ww.mesh.atlas.Application         : Starting Application using Java 21 with PID 10108 (C:\DEV\mesh-atlas\backend\target\classes started by wwalc in C:\DEV\mesh-atlas)
2026-05-20T16:16:46.506+02:00 DEBUG 10108 --- [mesh.atlas] [restartedMain] pl.com.ww.mesh.atlas.Application         : Running with Spring Boot v4.0.6, Spring v7.0.7
2026-05-20T16:16:46.506+02:00  INFO 10108 --- [mesh.atlas] [restartedMain] pl.com.ww.mesh.atlas.Application         : The following 1 profile is active: "dev"
2026-05-20T16:16:46.552+02:00  INFO 10108 --- [mesh.atlas] [restartedMain] .e.DevToolsPropertyDefaultsPostProcessor : Devtools property defaults active! Set 'spring.devtools.add-properties' to 'false' to disable
2026-05-20T16:16:46.552+02:00  INFO 10108 --- [mesh.atlas] [restartedMain] .e.DevToolsPropertyDefaultsPostProcessor : For additional web related logging consider setting the 'logging.level.web' property to 'DEBUG'
2026-05-20T16:16:47.333+02:00  INFO 10108 --- [mesh.atlas] [restartedMain] .s.d.r.c.RepositoryConfigurationDelegate : Bootstrapping Spring Data JPA repositories in DEFAULT mode.
2026-05-20T16:16:47.355+02:00  INFO 10108 --- [mesh.atlas] [restartedMain] .s.d.r.c.RepositoryConfigurationDelegate : Finished Spring Data repository scanning in 12 ms. Found 0 JPA repository interfaces.
2026-05-20T16:16:48.056+02:00  INFO 10108 --- [mesh.atlas] [restartedMain] o.s.boot.tomcat.TomcatWebServer          : Tomcat initialized with port 8888 (https)
2026-05-20T16:16:48.073+02:00  INFO 10108 --- [mesh.atlas] [restartedMain] o.apache.catalina.core.StandardService   : Starting service [Tomcat]
2026-05-20T16:16:48.073+02:00  INFO 10108 --- [mesh.atlas] [restartedMain] o.apache.catalina.core.StandardEngine    : Starting Servlet engine: [Apache Tomcat/11.0.21]
2026-05-20T16:16:48.114+02:00  INFO 10108 --- [mesh.atlas] [restartedMain] b.w.c.s.WebApplicationContextInitializer : Root WebApplicationContext: initialization completed in 1560 ms
2026-05-20T16:16:48.551+02:00  INFO 10108 --- [mesh.atlas] [restartedMain] com.zaxxer.hikari.HikariDataSource       : HikariPool-1 - Starting...
2026-05-20T16:16:48.696+02:00  INFO 10108 --- [mesh.atlas] [restartedMain] com.zaxxer.hikari.pool.HikariPool        : HikariPool-1 - Added connection org.postgresql.jdbc.PgConnection@618c4cea
2026-05-20T16:16:48.697+02:00  INFO 10108 --- [mesh.atlas] [restartedMain] com.zaxxer.hikari.HikariDataSource       : HikariPool-1 - Start completed.
2026-05-20T16:16:48.725+02:00  INFO 10108 --- [mesh.atlas] [restartedMain] org.flywaydb.core.FlywayExecutor         : Database: jdbc:postgresql://postgresql.ww.local:5432/atlas (PostgreSQL 16.0)
2026-05-20T16:16:48.761+02:00  INFO 10108 --- [mesh.atlas] [restartedMain] o.f.core.internal.command.DbValidate     : Successfully validated 0 migrations (execution time 00:00.014s)
2026-05-20T16:16:48.761+02:00  WARN 10108 --- [mesh.atlas] [restartedMain] o.f.core.internal.command.DbValidate     : No migrations found. Are your locations set up correctly?
2026-05-20T16:16:48.832+02:00  INFO 10108 --- [mesh.atlas] [restartedMain] o.f.core.internal.command.DbMigrate      : Current version of schema "atlas": << Empty Schema >>
2026-05-20T16:16:48.837+02:00  INFO 10108 --- [mesh.atlas] [restartedMain] o.f.core.internal.command.DbMigrate      : Schema "atlas" is up to date. No migration necessary.
2026-05-20T16:16:48.952+02:00  INFO 10108 --- [mesh.atlas] [restartedMain] org.hibernate.orm.jpa                    : HHH008540: Processing PersistenceUnitInfo [name: default]
2026-05-20T16:16:49.020+02:00  INFO 10108 --- [mesh.atlas] [restartedMain] org.hibernate.orm.core                   : HHH000001: Hibernate ORM core version 7.2.12.Final
2026-05-20T16:16:49.525+02:00  INFO 10108 --- [mesh.atlas] [restartedMain] o.s.o.j.p.SpringPersistenceUnitInfo      : No LoadTimeWeaver setup: ignoring JPA class transformer
2026-05-20T16:16:49.587+02:00  WARN 10108 --- [mesh.atlas] [restartedMain] org.hibernate.orm.deprecation            : HHH90000025: PostgreSQLDialect does not need to be specified explicitly using 'hibernate.dialect' (remove the property setting and it will be selected by default)
2026-05-20T16:16:49.609+02:00  INFO 10108 --- [mesh.atlas] [restartedMain] org.hibernate.orm.connections.pooling    : HHH10001005: Database info:
	Database JDBC URL [jdbc:postgresql://postgresql.ww.local:5432/atlas]
	Database driver: PostgreSQL JDBC Driver
	Database dialect: PostgreSQLDialect
	Database version: 16.0
	Default catalog/schema: atlas/atlas
	Autocommit mode: undefined/unknown
	Isolation level: READ_COMMITTED [default READ_COMMITTED]
	JDBC fetch size: none
	Pool: DataSourceConnectionProvider
	Minimum pool size: undefined/unknown
	Maximum pool size: undefined/unknown
2026-05-20T16:16:50.041+02:00  INFO 10108 --- [mesh.atlas] [restartedMain] org.hibernate.orm.core                   : HHH000489: No JTA platform available (set 'hibernate.transaction.jta.platform' to enable JTA platform integration)
2026-05-20T16:16:50.051+02:00  INFO 10108 --- [mesh.atlas] [restartedMain] j.LocalContainerEntityManagerFactoryBean : Initialized JPA EntityManagerFactory for persistence unit 'default'
2026-05-20T16:16:50.491+02:00 DEBUG 10108 --- [mesh.atlas] [restartedMain] swordEncoderAuthenticationManagerBuilder : No authenticationProviders and no parentAuthenticationManager defined. Returning null.
2026-05-20T16:16:50.873+02:00 DEBUG 10108 --- [mesh.atlas] [restartedMain] o.s.s.web.DefaultSecurityFilterChain     : Will secure any request with filters: DisableEncodeUrlFilter, WebAsyncManagerIntegrationFilter, SecurityContextHolderFilter, HeaderWriterFilter, LogoutFilter, OAuth2ProtectedResourceMetadataFilter, BearerTokenAuthenticationFilter, AuthenticationFilter, RequestCacheAwareFilter, SecurityContextHolderAwareRequestFilter, AnonymousAuthenticationFilter, SessionManagementFilter, ExceptionTranslationFilter, AuthorizationFilter
2026-05-20T16:16:51.566+02:00  INFO 10108 --- [mesh.atlas] [restartedMain] o.a.t.util.net.NioEndpoint.certificate   : Connector [https-jsse-nio-8888], TLS virtual host [_default_], certificate type [UNDEFINED] configured from keystore [Set directly - location unknown] using alias [atlas] with trust store [null]
2026-05-20T16:16:51.578+02:00  INFO 10108 --- [mesh.atlas] [restartedMain] o.s.boot.tomcat.TomcatWebServer          : Tomcat started on port 8888 (https) with context path '/atlas'
2026-05-20T16:16:51.586+02:00  INFO 10108 --- [mesh.atlas] [restartedMain] pl.com.ww.mesh.atlas.Application         : Started Application in 5.608 seconds (process running for 6.475)
2026-05-20T16:17:36.927+02:00  INFO 10108 --- [mesh.atlas] [https-jsse-nio-8888-exec-6] o.a.c.c.C.[Tomcat].[localhost].[/atlas]  : Initializing Spring DispatcherServlet 'dispatcherServlet'
2026-05-20T16:17:36.940+02:00  INFO 10108 --- [mesh.atlas] [https-jsse-nio-8888-exec-6] o.s.web.servlet.DispatcherServlet        : Initializing Servlet 'dispatcherServlet'
2026-05-20T16:17:36.950+02:00  INFO 10108 --- [mesh.atlas] [https-jsse-nio-8888-exec-6] o.s.web.servlet.DispatcherServlet        : Completed initialization in 9 ms
2026-05-20T16:17:36.984+02:00 DEBUG 10108 --- [mesh.atlas] [https-jsse-nio-8888-exec-6] o.s.security.web.FilterChainProxy        : Securing GET /hello/wojtek
2026-05-20T16:17:37.316+02:00 DEBUG 10108 --- [mesh.atlas] [https-jsse-nio-8888-exec-6] o.s.s.o.s.r.a.JwtAuthenticationProvider  : Authenticated token
2026-05-20T16:17:37.317+02:00 DEBUG 10108 --- [mesh.atlas] [https-jsse-nio-8888-exec-6] .s.r.w.a.BearerTokenAuthenticationFilter : Set SecurityContextHolder to JwtAuthenticationToken [Principal=org.springframework.security.oauth2.jwt.Jwt@d1d5379d, Credentials=[PROTECTED], Authenticated=true, Details=WebAuthenticationDetails [RemoteIpAddress=127.0.0.1, SessionId=null], Granted Authorities=[ROLE_DEFAULT-ROLES-ATLAS, FactorGrantedAuthority [authority=FACTOR_BEARER, issuedAt=2026-05-20T14:17:37.315540800Z], ROLE_UMA_AUTHORIZATION, ROLE_OFFLINE_ACCESS]]
2026-05-20T16:17:37.321+02:00 DEBUG 10108 --- [mesh.atlas] [https-jsse-nio-8888-exec-6] o.s.security.web.FilterChainProxy        : Secured GET /hello/wojtek
2026-05-20T16:21:14.807+02:00  WARN 10108 --- [mesh.atlas] [HikariPool-1:housekeeper] com.zaxxer.hikari.pool.HikariPool        : HikariPool-1 - Thread starvation or clock leap detected (housekeeper delta=3m55s990ms699µs400ns).
2026-05-20T16:21:14.811+02:00  INFO 10108 --- [mesh.atlas] [https-jsse-nio-8888-exec-6] p.c.w.m.atlas.api.hello.HelloController  : a65ead9b-2a99-436c-9c6b-2b71e40d7a31
2026-05-20T16:21:18.740+02:00 DEBUG 10108 --- [mesh.atlas] [https-jsse-nio-8888-exec-11] o.s.security.web.FilterChainProxy        : Securing GET /hello/wojtek
2026-05-20T16:21:18.743+02:00 DEBUG 10108 --- [mesh.atlas] [https-jsse-nio-8888-exec-11] o.s.s.o.s.r.a.JwtAuthenticationProvider  : Authenticated token
2026-05-20T16:21:18.743+02:00 DEBUG 10108 --- [mesh.atlas] [https-jsse-nio-8888-exec-11] .s.r.w.a.BearerTokenAuthenticationFilter : Set SecurityContextHolder to JwtAuthenticationToken [Principal=org.springframework.security.oauth2.jwt.Jwt@6ecfd580, Credentials=[PROTECTED], Authenticated=true, Details=WebAuthenticationDetails [RemoteIpAddress=127.0.0.1, SessionId=null], Granted Authorities=[FactorGrantedAuthority [authority=FACTOR_BEARER, issuedAt=2026-05-20T14:21:18.743012800Z], ROLE_ATLAS_ADMIN, ROLE_ATLAS_USER, ROLE_DEFAULT-ROLES-ATLAS, ROLE_UMA_AUTHORIZATION, ROLE_OFFLINE_ACCESS]]
2026-05-20T16:21:18.744+02:00 DEBUG 10108 --- [mesh.atlas] [https-jsse-nio-8888-exec-11] o.s.security.web.FilterChainProxy        : Secured GET /hello/wojtek
2026-05-20T16:21:28.904+02:00  INFO 10108 --- [mesh.atlas] [https-jsse-nio-8888-exec-11] p.c.w.m.atlas.api.hello.HelloController  : a65ead9b-2a99-436c-9c6b-2b71e40d7a31
2026-05-20T16:21:35.265+02:00  INFO 10108 --- [mesh.atlas] [SpringApplicationShutdownHook] o.s.boot.tomcat.GracefulShutdown         : Commencing graceful shutdown. Waiting for active requests to complete
2026-05-20T16:21:35.272+02:00  INFO 10108 --- [mesh.atlas] [tomcat-shutdown] o.s.boot.tomcat.GracefulShutdown         : Graceful shutdown complete
2026-05-20T16:21:35.285+02:00  INFO 10108 --- [mesh.atlas] [SpringApplicationShutdownHook] j.LocalContainerEntityManagerFactoryBean : Closing JPA EntityManagerFactory for persistence unit 'default'
2026-05-20T16:21:35.288+02:00  INFO 10108 --- [mesh.atlas] [SpringApplicationShutdownHook] com.zaxxer.hikari.HikariDataSource       : HikariPool-1 - Shutdown initiated...
2026-05-20T16:21:35.300+02:00  INFO 10108 --- [mesh.atlas] [SpringApplicationShutdownHook] com.zaxxer.hikari.HikariDataSource       : HikariPool-1 - Shutdown completed.
2026-05-20T16:21:40.143+02:00  INFO 25924 --- [mesh.atlas] [restartedMain] pl.com.ww.mesh.atlas.Application         : Starting Application using Java 21 with PID 25924 (C:\DEV\mesh-atlas\backend\target\classes started by wwalc in C:\DEV\mesh-atlas)
2026-05-20T16:21:40.145+02:00 DEBUG 25924 --- [mesh.atlas] [restartedMain] pl.com.ww.mesh.atlas.Application         : Running with Spring Boot v4.0.6, Spring v7.0.7
2026-05-20T16:21:40.145+02:00  INFO 25924 --- [mesh.atlas] [restartedMain] pl.com.ww.mesh.atlas.Application         : The following 1 profile is active: "dev"
2026-05-20T16:21:40.188+02:00  INFO 25924 --- [mesh.atlas] [restartedMain] .e.DevToolsPropertyDefaultsPostProcessor : Devtools property defaults active! Set 'spring.devtools.add-properties' to 'false' to disable
2026-05-20T16:21:40.188+02:00  INFO 25924 --- [mesh.atlas] [restartedMain] .e.DevToolsPropertyDefaultsPostProcessor : For additional web related logging consider setting the 'logging.level.web' property to 'DEBUG'
2026-05-20T16:21:40.897+02:00  INFO 25924 --- [mesh.atlas] [restartedMain] .s.d.r.c.RepositoryConfigurationDelegate : Bootstrapping Spring Data JPA repositories in DEFAULT mode.
2026-05-20T16:21:40.915+02:00  INFO 25924 --- [mesh.atlas] [restartedMain] .s.d.r.c.RepositoryConfigurationDelegate : Finished Spring Data repository scanning in 11 ms. Found 0 JPA repository interfaces.
2026-05-20T16:21:41.614+02:00  INFO 25924 --- [mesh.atlas] [restartedMain] o.s.boot.tomcat.TomcatWebServer          : Tomcat initialized with port 8888 (https)
2026-05-20T16:21:41.634+02:00  INFO 25924 --- [mesh.atlas] [restartedMain] o.apache.catalina.core.StandardService   : Starting service [Tomcat]
2026-05-20T16:21:41.635+02:00  INFO 25924 --- [mesh.atlas] [restartedMain] o.apache.catalina.core.StandardEngine    : Starting Servlet engine: [Apache Tomcat/11.0.21]
2026-05-20T16:21:41.683+02:00  INFO 25924 --- [mesh.atlas] [restartedMain] b.w.c.s.WebApplicationContextInitializer : Root WebApplicationContext: initialization completed in 1495 ms
2026-05-20T16:21:42.144+02:00  INFO 25924 --- [mesh.atlas] [restartedMain] com.zaxxer.hikari.HikariDataSource       : HikariPool-1 - Starting...
2026-05-20T16:21:42.300+02:00  INFO 25924 --- [mesh.atlas] [restartedMain] com.zaxxer.hikari.pool.HikariPool        : HikariPool-1 - Added connection org.postgresql.jdbc.PgConnection@6f77cdfd
2026-05-20T16:21:42.302+02:00  INFO 25924 --- [mesh.atlas] [restartedMain] com.zaxxer.hikari.HikariDataSource       : HikariPool-1 - Start completed.
2026-05-20T16:21:42.327+02:00  INFO 25924 --- [mesh.atlas] [restartedMain] org.flywaydb.core.FlywayExecutor         : Database: jdbc:postgresql://postgresql.ww.local:5432/atlas (PostgreSQL 16.0)
2026-05-20T16:21:42.365+02:00  INFO 25924 --- [mesh.atlas] [restartedMain] o.f.core.internal.command.DbValidate     : Successfully validated 0 migrations (execution time 00:00.018s)
2026-05-20T16:21:42.366+02:00  WARN 25924 --- [mesh.atlas] [restartedMain] o.f.core.internal.command.DbValidate     : No migrations found. Are your locations set up correctly?
2026-05-20T16:21:42.429+02:00  INFO 25924 --- [mesh.atlas] [restartedMain] o.f.core.internal.command.DbMigrate      : Current version of schema "atlas": << Empty Schema >>
2026-05-20T16:21:42.433+02:00  INFO 25924 --- [mesh.atlas] [restartedMain] o.f.core.internal.command.DbMigrate      : Schema "atlas" is up to date. No migration necessary.
2026-05-20T16:21:42.534+02:00  INFO 25924 --- [mesh.atlas] [restartedMain] org.hibernate.orm.jpa                    : HHH008540: Processing PersistenceUnitInfo [name: default]
2026-05-20T16:21:42.591+02:00  INFO 25924 --- [mesh.atlas] [restartedMain] org.hibernate.orm.core                   : HHH000001: Hibernate ORM core version 7.2.12.Final
2026-05-20T16:21:43.122+02:00  INFO 25924 --- [mesh.atlas] [restartedMain] o.s.o.j.p.SpringPersistenceUnitInfo      : No LoadTimeWeaver setup: ignoring JPA class transformer
2026-05-20T16:21:43.195+02:00  WARN 25924 --- [mesh.atlas] [restartedMain] org.hibernate.orm.deprecation            : HHH90000025: PostgreSQLDialect does not need to be specified explicitly using 'hibernate.dialect' (remove the property setting and it will be selected by default)
2026-05-20T16:21:43.218+02:00  INFO 25924 --- [mesh.atlas] [restartedMain] org.hibernate.orm.connections.pooling    : HHH10001005: Database info:
	Database JDBC URL [jdbc:postgresql://postgresql.ww.local:5432/atlas]
	Database driver: PostgreSQL JDBC Driver
	Database dialect: PostgreSQLDialect
	Database version: 16.0
	Default catalog/schema: atlas/atlas
	Autocommit mode: undefined/unknown
	Isolation level: READ_COMMITTED [default READ_COMMITTED]
	JDBC fetch size: none
	Pool: DataSourceConnectionProvider
	Minimum pool size: undefined/unknown
	Maximum pool size: undefined/unknown
2026-05-20T16:21:43.640+02:00  INFO 25924 --- [mesh.atlas] [restartedMain] org.hibernate.orm.core                   : HHH000489: No JTA platform available (set 'hibernate.transaction.jta.platform' to enable JTA platform integration)
2026-05-20T16:21:43.650+02:00  INFO 25924 --- [mesh.atlas] [restartedMain] j.LocalContainerEntityManagerFactoryBean : Initialized JPA EntityManagerFactory for persistence unit 'default'
2026-05-20T16:21:44.087+02:00 DEBUG 25924 --- [mesh.atlas] [restartedMain] swordEncoderAuthenticationManagerBuilder : No authenticationProviders and no parentAuthenticationManager defined. Returning null.
2026-05-20T16:21:44.401+02:00 DEBUG 25924 --- [mesh.atlas] [restartedMain] o.s.s.web.DefaultSecurityFilterChain     : Will secure any request with filters: DisableEncodeUrlFilter, WebAsyncManagerIntegrationFilter, SecurityContextHolderFilter, HeaderWriterFilter, LogoutFilter, OAuth2ProtectedResourceMetadataFilter, BearerTokenAuthenticationFilter, AuthenticationFilter, RequestCacheAwareFilter, SecurityContextHolderAwareRequestFilter, AnonymousAuthenticationFilter, SessionManagementFilter, ExceptionTranslationFilter, AuthorizationFilter
2026-05-20T16:21:45.016+02:00  INFO 25924 --- [mesh.atlas] [restartedMain] o.a.t.util.net.NioEndpoint.certificate   : Connector [https-jsse-nio-8888], TLS virtual host [_default_], certificate type [UNDEFINED] configured from keystore [Set directly - location unknown] using alias [atlas] with trust store [null]
2026-05-20T16:21:45.029+02:00  INFO 25924 --- [mesh.atlas] [restartedMain] o.s.boot.tomcat.TomcatWebServer          : Tomcat started on port 8888 (https) with context path '/atlas'
2026-05-20T16:21:45.035+02:00  INFO 25924 --- [mesh.atlas] [restartedMain] pl.com.ww.mesh.atlas.Application         : Started Application in 5.384 seconds (process running for 6.261)
2026-05-20T16:22:48.837+02:00  INFO 25924 --- [mesh.atlas] [https-jsse-nio-8888-exec-5] o.a.c.c.C.[Tomcat].[localhost].[/atlas]  : Initializing Spring DispatcherServlet 'dispatcherServlet'
2026-05-20T16:22:48.838+02:00  INFO 25924 --- [mesh.atlas] [https-jsse-nio-8888-exec-5] o.s.web.servlet.DispatcherServlet        : Initializing Servlet 'dispatcherServlet'
2026-05-20T16:22:48.841+02:00  INFO 25924 --- [mesh.atlas] [https-jsse-nio-8888-exec-5] o.s.web.servlet.DispatcherServlet        : Completed initialization in 2 ms
2026-05-20T16:22:48.860+02:00 DEBUG 25924 --- [mesh.atlas] [https-jsse-nio-8888-exec-5] o.s.security.web.FilterChainProxy        : Securing GET /hello/wojtek
2026-05-20T16:22:49.205+02:00 DEBUG 25924 --- [mesh.atlas] [https-jsse-nio-8888-exec-5] o.s.s.o.s.r.a.JwtAuthenticationProvider  : Authenticated token
2026-05-20T16:22:49.206+02:00 DEBUG 25924 --- [mesh.atlas] [https-jsse-nio-8888-exec-5] .s.r.w.a.BearerTokenAuthenticationFilter : Set SecurityContextHolder to JwtAuthenticationToken [Principal=org.springframework.security.oauth2.jwt.Jwt@6ecfd580, Credentials=[PROTECTED], Authenticated=true, Details=WebAuthenticationDetails [RemoteIpAddress=127.0.0.1, SessionId=null], Granted Authorities=[ROLE_ATLAS_ADMIN, ROLE_ATLAS_USER, FactorGrantedAuthority [authority=FACTOR_BEARER, issuedAt=2026-05-20T14:22:49.204051300Z], ROLE_DEFAULT-ROLES-ATLAS, ROLE_UMA_AUTHORIZATION, ROLE_OFFLINE_ACCESS]]
2026-05-20T16:22:49.210+02:00 DEBUG 25924 --- [mesh.atlas] [https-jsse-nio-8888-exec-5] o.s.security.web.FilterChainProxy        : Secured GET /hello/wojtek
2026-05-20T16:22:49.306+02:00 DEBUG 25924 --- [mesh.atlas] [https-jsse-nio-8888-exec-5] horizationManagerBeforeMethodInterceptor : Authorizing method invocation ReflectiveMethodInvocation: public java.lang.String pl.com.ww.mesh.atlas.api.hello.HelloController.sayHello(java.lang.String); target is of class [pl.com.ww.mesh.atlas.api.hello.HelloController]
2026-05-20T16:22:49.403+02:00 DEBUG 25924 --- [mesh.atlas] [https-jsse-nio-8888-exec-5] horizationManagerBeforeMethodInterceptor : Failed to authorize ReflectiveMethodInvocation: public java.lang.String pl.com.ww.mesh.atlas.api.hello.HelloController.sayHello(java.lang.String); target is of class [pl.com.ww.mesh.atlas.api.hello.HelloController] with authorization manager org.springframework.security.authorization.method.PreAuthorizeAuthorizationManager@ab78805 and result ExpressionAuthorizationDecision [granted=false, expressionAttribute=hasRole('atlas_user')]
2026-05-20T16:23:05.446+02:00  INFO 25924 --- [mesh.atlas] [SpringApplicationShutdownHook] o.s.boot.tomcat.GracefulShutdown         : Commencing graceful shutdown. Waiting for active requests to complete
2026-05-20T16:23:05.453+02:00  INFO 25924 --- [mesh.atlas] [tomcat-shutdown] o.s.boot.tomcat.GracefulShutdown         : Graceful shutdown complete
2026-05-20T16:23:05.459+02:00  INFO 25924 --- [mesh.atlas] [SpringApplicationShutdownHook] j.LocalContainerEntityManagerFactoryBean : Closing JPA EntityManagerFactory for persistence unit 'default'
2026-05-20T16:23:05.462+02:00  INFO 25924 --- [mesh.atlas] [SpringApplicationShutdownHook] com.zaxxer.hikari.HikariDataSource       : HikariPool-1 - Shutdown initiated...
2026-05-20T16:23:05.464+02:00  INFO 25924 --- [mesh.atlas] [SpringApplicationShutdownHook] com.zaxxer.hikari.HikariDataSource       : HikariPool-1 - Shutdown completed.
2026-05-20T16:23:10.302+02:00  INFO 43968 --- [mesh.atlas] [restartedMain] pl.com.ww.mesh.atlas.Application         : Starting Application using Java 21 with PID 43968 (C:\DEV\mesh-atlas\backend\target\classes started by wwalc in C:\DEV\mesh-atlas)
2026-05-20T16:23:10.305+02:00 DEBUG 43968 --- [mesh.atlas] [restartedMain] pl.com.ww.mesh.atlas.Application         : Running with Spring Boot v4.0.6, Spring v7.0.7
2026-05-20T16:23:10.306+02:00  INFO 43968 --- [mesh.atlas] [restartedMain] pl.com.ww.mesh.atlas.Application         : The following 1 profile is active: "dev"
2026-05-20T16:23:10.348+02:00  INFO 43968 --- [mesh.atlas] [restartedMain] .e.DevToolsPropertyDefaultsPostProcessor : Devtools property defaults active! Set 'spring.devtools.add-properties' to 'false' to disable
2026-05-20T16:23:10.348+02:00  INFO 43968 --- [mesh.atlas] [restartedMain] .e.DevToolsPropertyDefaultsPostProcessor : For additional web related logging consider setting the 'logging.level.web' property to 'DEBUG'
2026-05-20T16:23:11.811+02:00  INFO 43968 --- [mesh.atlas] [restartedMain] .s.d.r.c.RepositoryConfigurationDelegate : Bootstrapping Spring Data JPA repositories in DEFAULT mode.
2026-05-20T16:23:11.831+02:00  INFO 43968 --- [mesh.atlas] [restartedMain] .s.d.r.c.RepositoryConfigurationDelegate : Finished Spring Data repository scanning in 11 ms. Found 0 JPA repository interfaces.
2026-05-20T16:23:12.911+02:00  INFO 43968 --- [mesh.atlas] [restartedMain] o.s.boot.tomcat.TomcatWebServer          : Tomcat initialized with port 8888 (https)
2026-05-20T16:23:12.925+02:00  INFO 43968 --- [mesh.atlas] [restartedMain] o.apache.catalina.core.StandardService   : Starting service [Tomcat]
2026-05-20T16:23:12.926+02:00  INFO 43968 --- [mesh.atlas] [restartedMain] o.apache.catalina.core.StandardEngine    : Starting Servlet engine: [Apache Tomcat/11.0.21]
2026-05-20T16:23:12.962+02:00  INFO 43968 --- [mesh.atlas] [restartedMain] b.w.c.s.WebApplicationContextInitializer : Root WebApplicationContext: initialization completed in 2613 ms
2026-05-20T16:23:13.394+02:00  INFO 43968 --- [mesh.atlas] [restartedMain] com.zaxxer.hikari.HikariDataSource       : HikariPool-1 - Starting...
2026-05-20T16:23:13.555+02:00  INFO 43968 --- [mesh.atlas] [restartedMain] com.zaxxer.hikari.pool.HikariPool        : HikariPool-1 - Added connection org.postgresql.jdbc.PgConnection@18b1068c
2026-05-20T16:23:13.556+02:00  INFO 43968 --- [mesh.atlas] [restartedMain] com.zaxxer.hikari.HikariDataSource       : HikariPool-1 - Start completed.
2026-05-20T16:23:13.584+02:00  INFO 43968 --- [mesh.atlas] [restartedMain] org.flywaydb.core.FlywayExecutor         : Database: jdbc:postgresql://postgresql.ww.local:5432/atlas (PostgreSQL 16.0)
2026-05-20T16:23:13.624+02:00  INFO 43968 --- [mesh.atlas] [restartedMain] o.f.core.internal.command.DbValidate     : Successfully validated 0 migrations (execution time 00:00.017s)
2026-05-20T16:23:13.624+02:00  WARN 43968 --- [mesh.atlas] [restartedMain] o.f.core.internal.command.DbValidate     : No migrations found. Are your locations set up correctly?
2026-05-20T16:23:13.693+02:00  INFO 43968 --- [mesh.atlas] [restartedMain] o.f.core.internal.command.DbMigrate      : Current version of schema "atlas": << Empty Schema >>
2026-05-20T16:23:13.697+02:00  INFO 43968 --- [mesh.atlas] [restartedMain] o.f.core.internal.command.DbMigrate      : Schema "atlas" is up to date. No migration necessary.
2026-05-20T16:23:13.812+02:00  INFO 43968 --- [mesh.atlas] [restartedMain] org.hibernate.orm.jpa                    : HHH008540: Processing PersistenceUnitInfo [name: default]
2026-05-20T16:23:13.871+02:00  INFO 43968 --- [mesh.atlas] [restartedMain] org.hibernate.orm.core                   : HHH000001: Hibernate ORM core version 7.2.12.Final
2026-05-20T16:23:14.368+02:00  INFO 43968 --- [mesh.atlas] [restartedMain] o.s.o.j.p.SpringPersistenceUnitInfo      : No LoadTimeWeaver setup: ignoring JPA class transformer
2026-05-20T16:23:14.426+02:00  WARN 43968 --- [mesh.atlas] [restartedMain] org.hibernate.orm.deprecation            : HHH90000025: PostgreSQLDialect does not need to be specified explicitly using 'hibernate.dialect' (remove the property setting and it will be selected by default)
2026-05-20T16:23:14.444+02:00  INFO 43968 --- [mesh.atlas] [restartedMain] org.hibernate.orm.connections.pooling    : HHH10001005: Database info:
	Database JDBC URL [jdbc:postgresql://postgresql.ww.local:5432/atlas]
	Database driver: PostgreSQL JDBC Driver
	Database dialect: PostgreSQLDialect
	Database version: 16.0
	Default catalog/schema: atlas/atlas
	Autocommit mode: undefined/unknown
	Isolation level: READ_COMMITTED [default READ_COMMITTED]
	JDBC fetch size: none
	Pool: DataSourceConnectionProvider
	Minimum pool size: undefined/unknown
	Maximum pool size: undefined/unknown
2026-05-20T16:23:14.871+02:00  INFO 43968 --- [mesh.atlas] [restartedMain] org.hibernate.orm.core                   : HHH000489: No JTA platform available (set 'hibernate.transaction.jta.platform' to enable JTA platform integration)
2026-05-20T16:23:14.881+02:00  INFO 43968 --- [mesh.atlas] [restartedMain] j.LocalContainerEntityManagerFactoryBean : Initialized JPA EntityManagerFactory for persistence unit 'default'
2026-05-20T16:23:15.335+02:00 DEBUG 43968 --- [mesh.atlas] [restartedMain] swordEncoderAuthenticationManagerBuilder : No authenticationProviders and no parentAuthenticationManager defined. Returning null.
2026-05-20T16:23:15.669+02:00 DEBUG 43968 --- [mesh.atlas] [restartedMain] o.s.s.web.DefaultSecurityFilterChain     : Will secure any request with filters: DisableEncodeUrlFilter, WebAsyncManagerIntegrationFilter, SecurityContextHolderFilter, HeaderWriterFilter, LogoutFilter, OAuth2ProtectedResourceMetadataFilter, BearerTokenAuthenticationFilter, AuthenticationFilter, RequestCacheAwareFilter, SecurityContextHolderAwareRequestFilter, AnonymousAuthenticationFilter, SessionManagementFilter, ExceptionTranslationFilter, AuthorizationFilter
2026-05-20T16:23:16.333+02:00  INFO 43968 --- [mesh.atlas] [restartedMain] o.a.t.util.net.NioEndpoint.certificate   : Connector [https-jsse-nio-8888], TLS virtual host [_default_], certificate type [UNDEFINED] configured from keystore [Set directly - location unknown] using alias [atlas] with trust store [null]
2026-05-20T16:23:16.346+02:00  INFO 43968 --- [mesh.atlas] [restartedMain] o.s.boot.tomcat.TomcatWebServer          : Tomcat started on port 8888 (https) with context path '/atlas'
2026-05-20T16:23:16.353+02:00  INFO 43968 --- [mesh.atlas] [restartedMain] pl.com.ww.mesh.atlas.Application         : Started Application in 6.566 seconds (process running for 7.468)
2026-05-20T16:23:41.045+02:00  INFO 43968 --- [mesh.atlas] [https-jsse-nio-8888-exec-5] o.a.c.c.C.[Tomcat].[localhost].[/atlas]  : Initializing Spring DispatcherServlet 'dispatcherServlet'
2026-05-20T16:23:41.045+02:00  INFO 43968 --- [mesh.atlas] [https-jsse-nio-8888-exec-5] o.s.web.servlet.DispatcherServlet        : Initializing Servlet 'dispatcherServlet'
2026-05-20T16:23:41.047+02:00  INFO 43968 --- [mesh.atlas] [https-jsse-nio-8888-exec-5] o.s.web.servlet.DispatcherServlet        : Completed initialization in 2 ms
2026-05-20T16:23:41.061+02:00 DEBUG 43968 --- [mesh.atlas] [https-jsse-nio-8888-exec-5] o.s.security.web.FilterChainProxy        : Securing GET /hello/wojtek
2026-05-20T16:23:41.358+02:00 DEBUG 43968 --- [mesh.atlas] [https-jsse-nio-8888-exec-5] o.s.s.o.s.r.a.JwtAuthenticationProvider  : Authenticated token
2026-05-20T16:23:41.360+02:00 DEBUG 43968 --- [mesh.atlas] [https-jsse-nio-8888-exec-5] .s.r.w.a.BearerTokenAuthenticationFilter : Set SecurityContextHolder to JwtAuthenticationToken [Principal=org.springframework.security.oauth2.jwt.Jwt@6ecfd580, Credentials=[PROTECTED], Authenticated=true, Details=WebAuthenticationDetails [RemoteIpAddress=127.0.0.1, SessionId=null], Granted Authorities=[ROLE_ATLAS_ADMIN, ROLE_ATLAS_USER, ROLE_DEFAULT-ROLES-ATLAS, FactorGrantedAuthority [authority=FACTOR_BEARER, issuedAt=2026-05-20T14:23:41.357017Z], ROLE_UMA_AUTHORIZATION, ROLE_OFFLINE_ACCESS]]
2026-05-20T16:23:41.363+02:00 DEBUG 43968 --- [mesh.atlas] [https-jsse-nio-8888-exec-5] o.s.security.web.FilterChainProxy        : Secured GET /hello/wojtek
2026-05-20T16:23:41.461+02:00 DEBUG 43968 --- [mesh.atlas] [https-jsse-nio-8888-exec-5] horizationManagerBeforeMethodInterceptor : Authorizing method invocation ReflectiveMethodInvocation: public java.lang.String pl.com.ww.mesh.atlas.api.hello.HelloController.sayHello(java.lang.String); target is of class [pl.com.ww.mesh.atlas.api.hello.HelloController]
2026-05-20T16:23:41.493+02:00 DEBUG 43968 --- [mesh.atlas] [https-jsse-nio-8888-exec-5] horizationManagerBeforeMethodInterceptor : Authorized method invocation ReflectiveMethodInvocation: public java.lang.String pl.com.ww.mesh.atlas.api.hello.HelloController.sayHello(java.lang.String); target is of class [pl.com.ww.mesh.atlas.api.hello.HelloController]
2026-05-20T16:23:44.760+02:00  INFO 43968 --- [mesh.atlas] [https-jsse-nio-8888-exec-5] p.c.w.m.atlas.api.hello.HelloController  : a65ead9b-2a99-436c-9c6b-2b71e40d7a31
2026-05-20T16:51:06.444+02:00  WARN 43968 --- [mesh.atlas] [HikariPool-1:housekeeper] com.zaxxer.hikari.pool.HikariPool        : HikariPool-1 - Thread starvation or clock leap detected (housekeeper delta=24m21s642ms350µs800ns).
2026-05-20T16:59:06.605+02:00  INFO 43968 --- [mesh.atlas] [SpringApplicationShutdownHook] o.s.boot.tomcat.GracefulShutdown         : Commencing graceful shutdown. Waiting for active requests to complete
2026-05-20T16:59:06.672+02:00  INFO 43968 --- [mesh.atlas] [tomcat-shutdown] o.s.boot.tomcat.GracefulShutdown         : Graceful shutdown complete
2026-05-20T16:59:06.840+02:00  INFO 43968 --- [mesh.atlas] [SpringApplicationShutdownHook] j.LocalContainerEntityManagerFactoryBean : Closing JPA EntityManagerFactory for persistence unit 'default'
2026-05-20T16:59:06.997+02:00  INFO 43968 --- [mesh.atlas] [SpringApplicationShutdownHook] com.zaxxer.hikari.HikariDataSource       : HikariPool-1 - Shutdown initiated...
2026-05-20T16:59:07.023+02:00  INFO 43968 --- [mesh.atlas] [SpringApplicationShutdownHook] com.zaxxer.hikari.HikariDataSource       : HikariPool-1 - Shutdown completed.
2026-05-20T16:59:12.423+02:00  INFO 41004 --- [mesh.atlas] [restartedMain] pl.com.ww.mesh.atlas.Application         : Starting Application using Java 21 with PID 41004 (C:\DEV\mesh-atlas\backend\target\classes started by wwalc in C:\DEV\mesh-atlas)
2026-05-20T16:59:12.429+02:00 DEBUG 41004 --- [mesh.atlas] [restartedMain] pl.com.ww.mesh.atlas.Application         : Running with Spring Boot v4.0.6, Spring v7.0.7
2026-05-20T16:59:12.430+02:00  INFO 41004 --- [mesh.atlas] [restartedMain] pl.com.ww.mesh.atlas.Application         : The following 1 profile is active: "dev"
2026-05-20T16:59:12.477+02:00  INFO 41004 --- [mesh.atlas] [restartedMain] .e.DevToolsPropertyDefaultsPostProcessor : Devtools property defaults active! Set 'spring.devtools.add-properties' to 'false' to disable
2026-05-20T16:59:12.477+02:00  INFO 41004 --- [mesh.atlas] [restartedMain] .e.DevToolsPropertyDefaultsPostProcessor : For additional web related logging consider setting the 'logging.level.web' property to 'DEBUG'
2026-05-20T16:59:13.246+02:00  INFO 41004 --- [mesh.atlas] [restartedMain] .s.d.r.c.RepositoryConfigurationDelegate : Bootstrapping Spring Data JPA repositories in DEFAULT mode.
2026-05-20T16:59:13.268+02:00  INFO 41004 --- [mesh.atlas] [restartedMain] .s.d.r.c.RepositoryConfigurationDelegate : Finished Spring Data repository scanning in 12 ms. Found 0 JPA repository interfaces.
2026-05-20T16:59:14.070+02:00  INFO 41004 --- [mesh.atlas] [restartedMain] o.s.boot.tomcat.TomcatWebServer          : Tomcat initialized with port 8888 (https)
2026-05-20T16:59:14.088+02:00  INFO 41004 --- [mesh.atlas] [restartedMain] o.apache.catalina.core.StandardService   : Starting service [Tomcat]
2026-05-20T16:59:14.088+02:00  INFO 41004 --- [mesh.atlas] [restartedMain] o.apache.catalina.core.StandardEngine    : Starting Servlet engine: [Apache Tomcat/11.0.21]
2026-05-20T16:59:14.134+02:00  INFO 41004 --- [mesh.atlas] [restartedMain] b.w.c.s.WebApplicationContextInitializer : Root WebApplicationContext: initialization completed in 1655 ms
2026-05-20T16:59:14.575+02:00  INFO 41004 --- [mesh.atlas] [restartedMain] com.zaxxer.hikari.HikariDataSource       : HikariPool-1 - Starting...
2026-05-20T16:59:14.762+02:00  INFO 41004 --- [mesh.atlas] [restartedMain] com.zaxxer.hikari.pool.HikariPool        : HikariPool-1 - Added connection org.postgresql.jdbc.PgConnection@670cf14c
2026-05-20T16:59:14.763+02:00  INFO 41004 --- [mesh.atlas] [restartedMain] com.zaxxer.hikari.HikariDataSource       : HikariPool-1 - Start completed.
2026-05-20T16:59:14.807+02:00  INFO 41004 --- [mesh.atlas] [restartedMain] org.flywaydb.core.FlywayExecutor         : Database: jdbc:postgresql://postgresql.ww.local:5432/atlas (PostgreSQL 16.0)
2026-05-20T16:59:14.866+02:00  INFO 41004 --- [mesh.atlas] [restartedMain] o.f.core.internal.command.DbValidate     : Successfully validated 0 migrations (execution time 00:00.019s)
2026-05-20T16:59:14.866+02:00  WARN 41004 --- [mesh.atlas] [restartedMain] o.f.core.internal.command.DbValidate     : No migrations found. Are your locations set up correctly?
2026-05-20T16:59:14.931+02:00  INFO 41004 --- [mesh.atlas] [restartedMain] o.f.core.internal.command.DbMigrate      : Current version of schema "atlas": << Empty Schema >>
2026-05-20T16:59:14.936+02:00  INFO 41004 --- [mesh.atlas] [restartedMain] o.f.core.internal.command.DbMigrate      : Schema "atlas" is up to date. No migration necessary.
2026-05-20T16:59:15.075+02:00  INFO 41004 --- [mesh.atlas] [restartedMain] org.hibernate.orm.jpa                    : HHH008540: Processing PersistenceUnitInfo [name: default]
2026-05-20T16:59:15.166+02:00  INFO 41004 --- [mesh.atlas] [restartedMain] org.hibernate.orm.core                   : HHH000001: Hibernate ORM core version 7.2.12.Final
2026-05-20T16:59:15.772+02:00  INFO 41004 --- [mesh.atlas] [restartedMain] o.s.o.j.p.SpringPersistenceUnitInfo      : No LoadTimeWeaver setup: ignoring JPA class transformer
2026-05-20T16:59:15.848+02:00  WARN 41004 --- [mesh.atlas] [restartedMain] org.hibernate.orm.deprecation            : HHH90000025: PostgreSQLDialect does not need to be specified explicitly using 'hibernate.dialect' (remove the property setting and it will be selected by default)
2026-05-20T16:59:15.874+02:00  INFO 41004 --- [mesh.atlas] [restartedMain] org.hibernate.orm.connections.pooling    : HHH10001005: Database info:
	Database JDBC URL [jdbc:postgresql://postgresql.ww.local:5432/atlas]
	Database driver: PostgreSQL JDBC Driver
	Database dialect: PostgreSQLDialect
	Database version: 16.0
	Default catalog/schema: atlas/atlas
	Autocommit mode: undefined/unknown
	Isolation level: READ_COMMITTED [default READ_COMMITTED]
	JDBC fetch size: none
	Pool: DataSourceConnectionProvider
	Minimum pool size: undefined/unknown
	Maximum pool size: undefined/unknown
2026-05-20T16:59:16.375+02:00  INFO 41004 --- [mesh.atlas] [restartedMain] org.hibernate.orm.core                   : HHH000489: No JTA platform available (set 'hibernate.transaction.jta.platform' to enable JTA platform integration)
2026-05-20T16:59:16.384+02:00  INFO 41004 --- [mesh.atlas] [restartedMain] j.LocalContainerEntityManagerFactoryBean : Initialized JPA EntityManagerFactory for persistence unit 'default'
2026-05-20T16:59:16.812+02:00 DEBUG 41004 --- [mesh.atlas] [restartedMain] swordEncoderAuthenticationManagerBuilder : No authenticationProviders and no parentAuthenticationManager defined. Returning null.
2026-05-20T16:59:17.177+02:00 DEBUG 41004 --- [mesh.atlas] [restartedMain] o.s.s.web.DefaultSecurityFilterChain     : Will secure any request with filters: DisableEncodeUrlFilter, WebAsyncManagerIntegrationFilter, SecurityContextHolderFilter, HeaderWriterFilter, LogoutFilter, OAuth2ProtectedResourceMetadataFilter, BearerTokenAuthenticationFilter, AuthenticationFilter, RequestCacheAwareFilter, SecurityContextHolderAwareRequestFilter, AnonymousAuthenticationFilter, SessionManagementFilter, ExceptionTranslationFilter, AuthorizationFilter
2026-05-20T16:59:17.846+02:00  INFO 41004 --- [mesh.atlas] [restartedMain] o.a.t.util.net.NioEndpoint.certificate   : Connector [https-jsse-nio-8888], TLS virtual host [_default_], certificate type [UNDEFINED] configured from keystore [Set directly - location unknown] using alias [atlas] with trust store [null]
2026-05-20T16:59:17.858+02:00  INFO 41004 --- [mesh.atlas] [restartedMain] o.s.boot.tomcat.TomcatWebServer          : Tomcat started on port 8888 (https) with context path '/atlas'
2026-05-20T16:59:17.866+02:00  INFO 41004 --- [mesh.atlas] [restartedMain] pl.com.ww.mesh.atlas.Application         : Started Application in 5.999 seconds (process running for 7.005)
2026-05-20T17:03:10.088+02:00  INFO 41004 --- [mesh.atlas] [SpringApplicationShutdownHook] o.s.boot.tomcat.GracefulShutdown         : Commencing graceful shutdown. Waiting for active requests to complete
2026-05-20T17:03:10.102+02:00  INFO 41004 --- [mesh.atlas] [tomcat-shutdown] o.s.boot.tomcat.GracefulShutdown         : Graceful shutdown complete
2026-05-20T17:03:10.110+02:00  INFO 41004 --- [mesh.atlas] [SpringApplicationShutdownHook] j.LocalContainerEntityManagerFactoryBean : Closing JPA EntityManagerFactory for persistence unit 'default'
2026-05-20T17:03:10.115+02:00  INFO 41004 --- [mesh.atlas] [SpringApplicationShutdownHook] com.zaxxer.hikari.HikariDataSource       : HikariPool-1 - Shutdown initiated...
2026-05-20T17:03:10.118+02:00  INFO 41004 --- [mesh.atlas] [SpringApplicationShutdownHook] com.zaxxer.hikari.HikariDataSource       : HikariPool-1 - Shutdown completed.
2026-05-20T17:03:13.129+02:00  INFO 2760 --- [mesh.atlas] [restartedMain] pl.com.ww.mesh.atlas.Application         : Starting Application using Java 21 with PID 2760 (C:\DEV\mesh-atlas\backend\target\classes started by wwalc in C:\DEV\mesh-atlas)
2026-05-20T17:03:13.131+02:00 DEBUG 2760 --- [mesh.atlas] [restartedMain] pl.com.ww.mesh.atlas.Application         : Running with Spring Boot v4.0.6, Spring v7.0.7
2026-05-20T17:03:13.132+02:00  INFO 2760 --- [mesh.atlas] [restartedMain] pl.com.ww.mesh.atlas.Application         : The following 1 profile is active: "dev"
2026-05-20T17:03:13.178+02:00  INFO 2760 --- [mesh.atlas] [restartedMain] .e.DevToolsPropertyDefaultsPostProcessor : Devtools property defaults active! Set 'spring.devtools.add-properties' to 'false' to disable
2026-05-20T17:03:13.178+02:00  INFO 2760 --- [mesh.atlas] [restartedMain] .e.DevToolsPropertyDefaultsPostProcessor : For additional web related logging consider setting the 'logging.level.web' property to 'DEBUG'
2026-05-20T17:03:13.940+02:00  INFO 2760 --- [mesh.atlas] [restartedMain] .s.d.r.c.RepositoryConfigurationDelegate : Bootstrapping Spring Data JPA repositories in DEFAULT mode.
2026-05-20T17:03:13.963+02:00  INFO 2760 --- [mesh.atlas] [restartedMain] .s.d.r.c.RepositoryConfigurationDelegate : Finished Spring Data repository scanning in 15 ms. Found 0 JPA repository interfaces.
2026-05-20T17:03:14.689+02:00  INFO 2760 --- [mesh.atlas] [restartedMain] o.s.boot.tomcat.TomcatWebServer          : Tomcat initialized with port 8888 (https)
2026-05-20T17:03:14.709+02:00  INFO 2760 --- [mesh.atlas] [restartedMain] o.apache.catalina.core.StandardService   : Starting service [Tomcat]
2026-05-20T17:03:14.709+02:00  INFO 2760 --- [mesh.atlas] [restartedMain] o.apache.catalina.core.StandardEngine    : Starting Servlet engine: [Apache Tomcat/11.0.21]
2026-05-20T17:03:14.753+02:00  INFO 2760 --- [mesh.atlas] [restartedMain] b.w.c.s.WebApplicationContextInitializer : Root WebApplicationContext: initialization completed in 1574 ms
2026-05-20T17:03:15.172+02:00  INFO 2760 --- [mesh.atlas] [restartedMain] com.zaxxer.hikari.HikariDataSource       : HikariPool-1 - Starting...
2026-05-20T17:03:15.367+02:00  INFO 2760 --- [mesh.atlas] [restartedMain] com.zaxxer.hikari.pool.HikariPool        : HikariPool-1 - Added connection org.postgresql.jdbc.PgConnection@6e7ce86f
2026-05-20T17:03:15.368+02:00  INFO 2760 --- [mesh.atlas] [restartedMain] com.zaxxer.hikari.HikariDataSource       : HikariPool-1 - Start completed.
2026-05-20T17:03:15.396+02:00  INFO 2760 --- [mesh.atlas] [restartedMain] org.flywaydb.core.FlywayExecutor         : Database: jdbc:postgresql://postgresql.ww.local:5432/atlas (PostgreSQL 16.0)
2026-05-20T17:03:15.439+02:00  INFO 2760 --- [mesh.atlas] [restartedMain] o.f.core.internal.command.DbValidate     : Successfully validated 0 migrations (execution time 00:00.017s)
2026-05-20T17:03:15.439+02:00  WARN 2760 --- [mesh.atlas] [restartedMain] o.f.core.internal.command.DbValidate     : No migrations found. Are your locations set up correctly?
2026-05-20T17:03:15.508+02:00  INFO 2760 --- [mesh.atlas] [restartedMain] o.f.core.internal.command.DbMigrate      : Current version of schema "atlas": << Empty Schema >>
2026-05-20T17:03:15.512+02:00  INFO 2760 --- [mesh.atlas] [restartedMain] o.f.core.internal.command.DbMigrate      : Schema "atlas" is up to date. No migration necessary.
2026-05-20T17:03:15.626+02:00  INFO 2760 --- [mesh.atlas] [restartedMain] org.hibernate.orm.jpa                    : HHH008540: Processing PersistenceUnitInfo [name: default]
2026-05-20T17:03:15.713+02:00  INFO 2760 --- [mesh.atlas] [restartedMain] org.hibernate.orm.core                   : HHH000001: Hibernate ORM core version 7.2.12.Final
2026-05-20T17:03:16.264+02:00  INFO 2760 --- [mesh.atlas] [restartedMain] o.s.o.j.p.SpringPersistenceUnitInfo      : No LoadTimeWeaver setup: ignoring JPA class transformer
2026-05-20T17:03:16.344+02:00  WARN 2760 --- [mesh.atlas] [restartedMain] org.hibernate.orm.deprecation            : HHH90000025: PostgreSQLDialect does not need to be specified explicitly using 'hibernate.dialect' (remove the property setting and it will be selected by default)
2026-05-20T17:03:16.372+02:00  INFO 2760 --- [mesh.atlas] [restartedMain] org.hibernate.orm.connections.pooling    : HHH10001005: Database info:
	Database JDBC URL [jdbc:postgresql://postgresql.ww.local:5432/atlas]
	Database driver: PostgreSQL JDBC Driver
	Database dialect: PostgreSQLDialect
	Database version: 16.0
	Default catalog/schema: atlas/atlas
	Autocommit mode: undefined/unknown
	Isolation level: READ_COMMITTED [default READ_COMMITTED]
	JDBC fetch size: none
	Pool: DataSourceConnectionProvider
	Minimum pool size: undefined/unknown
	Maximum pool size: undefined/unknown
2026-05-20T17:03:16.861+02:00  INFO 2760 --- [mesh.atlas] [restartedMain] org.hibernate.orm.core                   : HHH000489: No JTA platform available (set 'hibernate.transaction.jta.platform' to enable JTA platform integration)
2026-05-20T17:03:16.870+02:00  INFO 2760 --- [mesh.atlas] [restartedMain] j.LocalContainerEntityManagerFactoryBean : Initialized JPA EntityManagerFactory for persistence unit 'default'
2026-05-20T17:03:17.278+02:00 DEBUG 2760 --- [mesh.atlas] [restartedMain] swordEncoderAuthenticationManagerBuilder : No authenticationProviders and no parentAuthenticationManager defined. Returning null.
2026-05-20T17:03:17.620+02:00 DEBUG 2760 --- [mesh.atlas] [restartedMain] o.s.s.web.DefaultSecurityFilterChain     : Will secure any request with filters: DisableEncodeUrlFilter, WebAsyncManagerIntegrationFilter, SecurityContextHolderFilter, HeaderWriterFilter, LogoutFilter, OAuth2ProtectedResourceMetadataFilter, BearerTokenAuthenticationFilter, AuthenticationFilter, RequestCacheAwareFilter, SecurityContextHolderAwareRequestFilter, AnonymousAuthenticationFilter, SessionManagementFilter, ExceptionTranslationFilter, AuthorizationFilter
2026-05-20T17:03:18.280+02:00  INFO 2760 --- [mesh.atlas] [restartedMain] o.a.t.util.net.NioEndpoint.certificate   : Connector [https-jsse-nio-8888], TLS virtual host [_default_], certificate type [UNDEFINED] configured from keystore [Set directly - location unknown] using alias [atlas] with trust store [null]
2026-05-20T17:03:18.292+02:00  INFO 2760 --- [mesh.atlas] [restartedMain] o.s.boot.tomcat.TomcatWebServer          : Tomcat started on port 8888 (https) with context path '/atlas'
2026-05-20T17:03:18.298+02:00  INFO 2760 --- [mesh.atlas] [restartedMain] pl.com.ww.mesh.atlas.Application         : Started Application in 5.781 seconds (process running for 6.808)
2026-05-20T17:06:16.913+02:00  INFO 2760 --- [mesh.atlas] [https-jsse-nio-8888-exec-7] o.a.c.c.C.[Tomcat].[localhost].[/atlas]  : Initializing Spring DispatcherServlet 'dispatcherServlet'
2026-05-20T17:06:16.915+02:00  INFO 2760 --- [mesh.atlas] [https-jsse-nio-8888-exec-7] o.s.web.servlet.DispatcherServlet        : Initializing Servlet 'dispatcherServlet'
2026-05-20T17:06:16.920+02:00  INFO 2760 --- [mesh.atlas] [https-jsse-nio-8888-exec-7] o.s.web.servlet.DispatcherServlet        : Completed initialization in 3 ms
2026-05-20T17:06:16.944+02:00 DEBUG 2760 --- [mesh.atlas] [https-jsse-nio-8888-exec-7] o.s.security.web.FilterChainProxy        : Securing GET /hello/wojtek
2026-05-20T17:06:17.619+02:00 DEBUG 2760 --- [mesh.atlas] [https-jsse-nio-8888-exec-7] o.s.s.o.s.r.a.JwtAuthenticationProvider  : Authenticated token
2026-05-20T17:06:17.622+02:00 DEBUG 2760 --- [mesh.atlas] [https-jsse-nio-8888-exec-7] .s.r.w.a.BearerTokenAuthenticationFilter : Set SecurityContextHolder to JwtAuthenticationToken [Principal=org.springframework.security.oauth2.jwt.Jwt@e7908bc7, Credentials=[PROTECTED], Authenticated=true, Details=WebAuthenticationDetails [RemoteIpAddress=127.0.0.1, SessionId=null], Granted Authorities=[ROLE_ATLAS_ADMIN, FactorGrantedAuthority [authority=FACTOR_BEARER, issuedAt=2026-05-20T15:06:17.616692700Z], ROLE_ATLAS_USER, ROLE_DEFAULT-ROLES-ATLAS, ROLE_UMA_AUTHORIZATION, ROLE_OFFLINE_ACCESS]]
2026-05-20T17:06:17.629+02:00 DEBUG 2760 --- [mesh.atlas] [https-jsse-nio-8888-exec-7] o.s.security.web.FilterChainProxy        : Secured GET /hello/wojtek
2026-05-20T17:06:17.860+02:00 DEBUG 2760 --- [mesh.atlas] [https-jsse-nio-8888-exec-7] horizationManagerBeforeMethodInterceptor : Authorizing method invocation ReflectiveMethodInvocation: public java.lang.String pl.com.ww.mesh.atlas.api.hello.HelloController.sayHello(java.lang.String); target is of class [pl.com.ww.mesh.atlas.api.hello.HelloController]
2026-05-20T17:06:17.954+02:00 DEBUG 2760 --- [mesh.atlas] [https-jsse-nio-8888-exec-7] horizationManagerBeforeMethodInterceptor : Authorized method invocation ReflectiveMethodInvocation: public java.lang.String pl.com.ww.mesh.atlas.api.hello.HelloController.sayHello(java.lang.String); target is of class [pl.com.ww.mesh.atlas.api.hello.HelloController]
2026-05-20T17:06:17.957+02:00  INFO 2760 --- [mesh.atlas] [https-jsse-nio-8888-exec-7] p.c.w.m.atlas.api.hello.HelloController  : a65ead9b-2a99-436c-9c6b-2b71e40d7a31
2026-05-20T17:09:50.944+02:00  INFO 2760 --- [mesh.atlas] [SpringApplicationShutdownHook] o.s.boot.tomcat.GracefulShutdown         : Commencing graceful shutdown. Waiting for active requests to complete
2026-05-20T17:09:50.953+02:00  INFO 2760 --- [mesh.atlas] [tomcat-shutdown] o.s.boot.tomcat.GracefulShutdown         : Graceful shutdown complete
2026-05-20T17:09:50.962+02:00  INFO 2760 --- [mesh.atlas] [SpringApplicationShutdownHook] j.LocalContainerEntityManagerFactoryBean : Closing JPA EntityManagerFactory for persistence unit 'default'
2026-05-20T17:09:50.967+02:00  INFO 2760 --- [mesh.atlas] [SpringApplicationShutdownHook] com.zaxxer.hikari.HikariDataSource       : HikariPool-1 - Shutdown initiated...
2026-05-20T17:09:50.970+02:00  INFO 2760 --- [mesh.atlas] [SpringApplicationShutdownHook] com.zaxxer.hikari.HikariDataSource       : HikariPool-1 - Shutdown completed.
2026-05-20T17:16:26.862+02:00  INFO 42772 --- [mesh.atlas] [restartedMain] pl.com.ww.mesh.atlas.Application         : Starting Application using Java 21 with PID 42772 (C:\DEV\mesh-atlas\backend\target\classes started by wwalc in C:\DEV\mesh-atlas)
2026-05-20T17:16:26.866+02:00 DEBUG 42772 --- [mesh.atlas] [restartedMain] pl.com.ww.mesh.atlas.Application         : Running with Spring Boot v4.0.6, Spring v7.0.7
2026-05-20T17:16:26.866+02:00  INFO 42772 --- [mesh.atlas] [restartedMain] pl.com.ww.mesh.atlas.Application         : The following 1 profile is active: "dev"
2026-05-20T17:16:26.917+02:00  INFO 42772 --- [mesh.atlas] [restartedMain] .e.DevToolsPropertyDefaultsPostProcessor : Devtools property defaults active! Set 'spring.devtools.add-properties' to 'false' to disable
2026-05-20T17:16:26.917+02:00  INFO 42772 --- [mesh.atlas] [restartedMain] .e.DevToolsPropertyDefaultsPostProcessor : For additional web related logging consider setting the 'logging.level.web' property to 'DEBUG'
2026-05-20T17:16:27.730+02:00  INFO 42772 --- [mesh.atlas] [restartedMain] .s.d.r.c.RepositoryConfigurationDelegate : Bootstrapping Spring Data JPA repositories in DEFAULT mode.
2026-05-20T17:16:27.752+02:00  INFO 42772 --- [mesh.atlas] [restartedMain] .s.d.r.c.RepositoryConfigurationDelegate : Finished Spring Data repository scanning in 12 ms. Found 0 JPA repository interfaces.
2026-05-20T17:16:28.557+02:00  INFO 42772 --- [mesh.atlas] [restartedMain] o.s.boot.tomcat.TomcatWebServer          : Tomcat initialized with port 8888 (https)
2026-05-20T17:16:28.578+02:00  INFO 42772 --- [mesh.atlas] [restartedMain] o.apache.catalina.core.StandardService   : Starting service [Tomcat]
2026-05-20T17:16:28.579+02:00  INFO 42772 --- [mesh.atlas] [restartedMain] o.apache.catalina.core.StandardEngine    : Starting Servlet engine: [Apache Tomcat/11.0.21]
2026-05-20T17:16:28.646+02:00  INFO 42772 --- [mesh.atlas] [restartedMain] b.w.c.s.WebApplicationContextInitializer : Root WebApplicationContext: initialization completed in 1728 ms
2026-05-20T17:16:29.135+02:00  INFO 42772 --- [mesh.atlas] [restartedMain] com.zaxxer.hikari.HikariDataSource       : HikariPool-1 - Starting...
2026-05-20T17:16:29.331+02:00  INFO 42772 --- [mesh.atlas] [restartedMain] com.zaxxer.hikari.pool.HikariPool        : HikariPool-1 - Added connection org.postgresql.jdbc.PgConnection@464b2838
2026-05-20T17:16:29.333+02:00  INFO 42772 --- [mesh.atlas] [restartedMain] com.zaxxer.hikari.HikariDataSource       : HikariPool-1 - Start completed.
2026-05-20T17:16:29.372+02:00  INFO 42772 --- [mesh.atlas] [restartedMain] org.flywaydb.core.FlywayExecutor         : Database: jdbc:postgresql://postgresql.ww.local:5432/atlas (PostgreSQL 16.0)
2026-05-20T17:16:29.427+02:00  INFO 42772 --- [mesh.atlas] [restartedMain] o.f.core.internal.command.DbValidate     : Successfully validated 1 migration (execution time 00:00.024s)
2026-05-20T17:16:29.510+02:00  INFO 42772 --- [mesh.atlas] [restartedMain] o.f.core.internal.command.DbMigrate      : Current version of schema "atlas": << Empty Schema >>
2026-05-20T17:16:29.538+02:00  INFO 42772 --- [mesh.atlas] [restartedMain] o.f.core.internal.command.DbMigrate      : Migrating schema "atlas" to version "0.0001 - 20260520 dictionary framework"
2026-05-20T17:16:29.842+02:00  INFO 42772 --- [mesh.atlas] [restartedMain] o.f.core.internal.command.DbMigrate      : Successfully applied 1 migration to schema "atlas", now at version v0.0001 (execution time 00:00.279s)
2026-05-20T17:16:29.972+02:00  INFO 42772 --- [mesh.atlas] [restartedMain] org.hibernate.orm.jpa                    : HHH008540: Processing PersistenceUnitInfo [name: default]
2026-05-20T17:16:30.070+02:00  INFO 42772 --- [mesh.atlas] [restartedMain] org.hibernate.orm.core                   : HHH000001: Hibernate ORM core version 7.2.12.Final
2026-05-20T17:16:30.672+02:00  INFO 42772 --- [mesh.atlas] [restartedMain] o.s.o.j.p.SpringPersistenceUnitInfo      : No LoadTimeWeaver setup: ignoring JPA class transformer
2026-05-20T17:16:30.753+02:00  WARN 42772 --- [mesh.atlas] [restartedMain] org.hibernate.orm.deprecation            : HHH90000025: PostgreSQLDialect does not need to be specified explicitly using 'hibernate.dialect' (remove the property setting and it will be selected by default)
2026-05-20T17:16:30.774+02:00  INFO 42772 --- [mesh.atlas] [restartedMain] org.hibernate.orm.connections.pooling    : HHH10001005: Database info:
	Database JDBC URL [jdbc:postgresql://postgresql.ww.local:5432/atlas]
	Database driver: PostgreSQL JDBC Driver
	Database dialect: PostgreSQLDialect
	Database version: 16.0
	Default catalog/schema: atlas/atlas
	Autocommit mode: undefined/unknown
	Isolation level: READ_COMMITTED [default READ_COMMITTED]
	JDBC fetch size: none
	Pool: DataSourceConnectionProvider
	Minimum pool size: undefined/unknown
	Maximum pool size: undefined/unknown
2026-05-20T17:16:31.276+02:00  INFO 42772 --- [mesh.atlas] [restartedMain] org.hibernate.orm.core                   : HHH000489: No JTA platform available (set 'hibernate.transaction.jta.platform' to enable JTA platform integration)
2026-05-20T17:16:31.289+02:00  INFO 42772 --- [mesh.atlas] [restartedMain] j.LocalContainerEntityManagerFactoryBean : Initialized JPA EntityManagerFactory for persistence unit 'default'
2026-05-20T17:16:31.813+02:00 DEBUG 42772 --- [mesh.atlas] [restartedMain] swordEncoderAuthenticationManagerBuilder : No authenticationProviders and no parentAuthenticationManager defined. Returning null.
2026-05-20T17:16:32.206+02:00 DEBUG 42772 --- [mesh.atlas] [restartedMain] o.s.s.web.DefaultSecurityFilterChain     : Will secure any request with filters: DisableEncodeUrlFilter, WebAsyncManagerIntegrationFilter, SecurityContextHolderFilter, HeaderWriterFilter, LogoutFilter, OAuth2ProtectedResourceMetadataFilter, BearerTokenAuthenticationFilter, AuthenticationFilter, RequestCacheAwareFilter, SecurityContextHolderAwareRequestFilter, AnonymousAuthenticationFilter, SessionManagementFilter, ExceptionTranslationFilter, AuthorizationFilter
2026-05-20T17:16:32.912+02:00  INFO 42772 --- [mesh.atlas] [restartedMain] o.a.t.util.net.NioEndpoint.certificate   : Connector [https-jsse-nio-8888], TLS virtual host [_default_], certificate type [UNDEFINED] configured from keystore [Set directly - location unknown] using alias [atlas] with trust store [null]
2026-05-20T17:16:32.923+02:00  INFO 42772 --- [mesh.atlas] [restartedMain] o.s.boot.tomcat.TomcatWebServer          : Tomcat started on port 8888 (https) with context path '/atlas'
2026-05-20T17:16:32.930+02:00  INFO 42772 --- [mesh.atlas] [restartedMain] pl.com.ww.mesh.atlas.Application         : Started Application in 6.677 seconds (process running for 7.776)
2026-05-20T17:19:34.602+02:00  INFO 42772 --- [mesh.atlas] [SpringApplicationShutdownHook] o.s.boot.tomcat.GracefulShutdown         : Commencing graceful shutdown. Waiting for active requests to complete
2026-05-20T17:19:34.616+02:00  INFO 42772 --- [mesh.atlas] [tomcat-shutdown] o.s.boot.tomcat.GracefulShutdown         : Graceful shutdown complete
2026-05-20T17:19:34.625+02:00  INFO 42772 --- [mesh.atlas] [SpringApplicationShutdownHook] j.LocalContainerEntityManagerFactoryBean : Closing JPA EntityManagerFactory for persistence unit 'default'
2026-05-20T17:19:34.631+02:00  INFO 42772 --- [mesh.atlas] [SpringApplicationShutdownHook] com.zaxxer.hikari.HikariDataSource       : HikariPool-1 - Shutdown initiated...
2026-05-20T17:19:34.635+02:00  INFO 42772 --- [mesh.atlas] [SpringApplicationShutdownHook] com.zaxxer.hikari.HikariDataSource       : HikariPool-1 - Shutdown completed.
2026-05-20T17:22:49.519+02:00  INFO 5868 --- [mesh.atlas] [restartedMain] pl.com.ww.mesh.atlas.Application         : Starting Application using Java 21 with PID 5868 (C:\DEV\mesh-atlas\backend\target\classes started by wwalc in C:\DEV\mesh-atlas)
2026-05-20T17:22:49.522+02:00 DEBUG 5868 --- [mesh.atlas] [restartedMain] pl.com.ww.mesh.atlas.Application         : Running with Spring Boot v4.0.6, Spring v7.0.7
2026-05-20T17:22:49.523+02:00  INFO 5868 --- [mesh.atlas] [restartedMain] pl.com.ww.mesh.atlas.Application         : The following 1 profile is active: "dev"
2026-05-20T17:22:49.580+02:00  INFO 5868 --- [mesh.atlas] [restartedMain] .e.DevToolsPropertyDefaultsPostProcessor : Devtools property defaults active! Set 'spring.devtools.add-properties' to 'false' to disable
2026-05-20T17:22:49.580+02:00  INFO 5868 --- [mesh.atlas] [restartedMain] .e.DevToolsPropertyDefaultsPostProcessor : For additional web related logging consider setting the 'logging.level.web' property to 'DEBUG'
2026-05-20T17:22:50.423+02:00  INFO 5868 --- [mesh.atlas] [restartedMain] .s.d.r.c.RepositoryConfigurationDelegate : Bootstrapping Spring Data JPA repositories in DEFAULT mode.
2026-05-20T17:22:50.446+02:00  INFO 5868 --- [mesh.atlas] [restartedMain] .s.d.r.c.RepositoryConfigurationDelegate : Finished Spring Data repository scanning in 14 ms. Found 0 JPA repository interfaces.
2026-05-20T17:22:51.726+02:00  INFO 5868 --- [mesh.atlas] [restartedMain] o.s.boot.tomcat.TomcatWebServer          : Tomcat initialized with port 8888 (https)
2026-05-20T17:22:51.772+02:00  INFO 5868 --- [mesh.atlas] [restartedMain] o.apache.catalina.core.StandardService   : Starting service [Tomcat]
2026-05-20T17:22:51.772+02:00  INFO 5868 --- [mesh.atlas] [restartedMain] o.apache.catalina.core.StandardEngine    : Starting Servlet engine: [Apache Tomcat/11.0.21]
2026-05-20T17:22:51.923+02:00  INFO 5868 --- [mesh.atlas] [restartedMain] b.w.c.s.WebApplicationContextInitializer : Root WebApplicationContext: initialization completed in 2341 ms
2026-05-20T17:22:53.015+02:00  INFO 5868 --- [mesh.atlas] [restartedMain] com.zaxxer.hikari.HikariDataSource       : HikariPool-1 - Starting...
2026-05-20T17:22:53.414+02:00  INFO 5868 --- [mesh.atlas] [restartedMain] com.zaxxer.hikari.pool.HikariPool        : HikariPool-1 - Added connection org.postgresql.jdbc.PgConnection@60ebc1cd
2026-05-20T17:22:53.422+02:00  INFO 5868 --- [mesh.atlas] [restartedMain] com.zaxxer.hikari.HikariDataSource       : HikariPool-1 - Start completed.
2026-05-20T17:22:53.489+02:00  INFO 5868 --- [mesh.atlas] [restartedMain] org.flywaydb.core.FlywayExecutor         : Database: jdbc:postgresql://postgresql.ww.local:5432/atlas (PostgreSQL 16.0)
2026-05-20T17:22:53.616+02:00  INFO 5868 --- [mesh.atlas] [restartedMain] o.f.core.internal.command.DbValidate     : Successfully validated 2 migrations (execution time 00:00.069s)
2026-05-20T17:22:53.651+02:00  INFO 5868 --- [mesh.atlas] [restartedMain] o.f.core.internal.command.DbMigrate      : Current version of schema "atlas": 0.0001
2026-05-20T17:22:53.722+02:00  INFO 5868 --- [mesh.atlas] [restartedMain] o.f.core.internal.command.DbMigrate      : Migrating schema "atlas" to version "0.0002 - 20260520 dictionary data"
2026-05-20T17:22:53.789+02:00  INFO 5868 --- [mesh.atlas] [restartedMain] o.f.core.internal.command.DbMigrate      : Successfully applied 1 migration to schema "atlas", now at version v0.0002 (execution time 00:00.052s)
2026-05-20T17:22:54.086+02:00  INFO 5868 --- [mesh.atlas] [restartedMain] org.hibernate.orm.jpa                    : HHH008540: Processing PersistenceUnitInfo [name: default]
2026-05-20T17:22:54.300+02:00  INFO 5868 --- [mesh.atlas] [restartedMain] org.hibernate.orm.core                   : HHH000001: Hibernate ORM core version 7.2.12.Final
2026-05-20T17:22:56.459+02:00  INFO 5868 --- [mesh.atlas] [restartedMain] o.s.o.j.p.SpringPersistenceUnitInfo      : No LoadTimeWeaver setup: ignoring JPA class transformer
2026-05-20T17:22:56.850+02:00  INFO 5868 --- [mesh.atlas] [restartedMain] org.hibernate.orm.connections.pooling    : HHH10001005: Database info:
	Database JDBC URL [jdbc:postgresql://postgresql.ww.local:5432/atlas]
	Database driver: PostgreSQL JDBC Driver
	Database dialect: PostgreSQLDialect
	Database version: 16.0
	Default catalog/schema: atlas/atlas
	Autocommit mode: undefined/unknown
	Isolation level: READ_COMMITTED [default READ_COMMITTED]
	JDBC fetch size: none
	Pool: DataSourceConnectionProvider
	Minimum pool size: undefined/unknown
	Maximum pool size: undefined/unknown
2026-05-20T17:22:58.131+02:00  INFO 5868 --- [mesh.atlas] [restartedMain] org.hibernate.orm.core                   : HHH000489: No JTA platform available (set 'hibernate.transaction.jta.platform' to enable JTA platform integration)
2026-05-20T17:22:58.157+02:00  INFO 5868 --- [mesh.atlas] [restartedMain] j.LocalContainerEntityManagerFactoryBean : Initialized JPA EntityManagerFactory for persistence unit 'default'
2026-05-20T17:22:59.428+02:00 DEBUG 5868 --- [mesh.atlas] [restartedMain] swordEncoderAuthenticationManagerBuilder : No authenticationProviders and no parentAuthenticationManager defined. Returning null.
2026-05-20T17:23:00.341+02:00 DEBUG 5868 --- [mesh.atlas] [restartedMain] o.s.s.web.DefaultSecurityFilterChain     : Will secure any request with filters: DisableEncodeUrlFilter, WebAsyncManagerIntegrationFilter, SecurityContextHolderFilter, HeaderWriterFilter, LogoutFilter, OAuth2ProtectedResourceMetadataFilter, BearerTokenAuthenticationFilter, AuthenticationFilter, RequestCacheAwareFilter, SecurityContextHolderAwareRequestFilter, AnonymousAuthenticationFilter, SessionManagementFilter, ExceptionTranslationFilter, AuthorizationFilter
2026-05-20T17:23:02.055+02:00  INFO 5868 --- [mesh.atlas] [restartedMain] o.a.t.util.net.NioEndpoint.certificate   : Connector [https-jsse-nio-8888], TLS virtual host [_default_], certificate type [UNDEFINED] configured from keystore [Set directly - location unknown] using alias [atlas] with trust store [null]
2026-05-20T17:23:02.082+02:00  INFO 5868 --- [mesh.atlas] [restartedMain] o.s.boot.tomcat.TomcatWebServer          : Tomcat started on port 8888 (https) with context path '/atlas'
2026-05-20T17:23:02.098+02:00  INFO 5868 --- [mesh.atlas] [restartedMain] pl.com.ww.mesh.atlas.Application         : Started Application in 13.125 seconds (process running for 14.137)
